USE FAST3_DEALERSHIP;

INSERT INTO VEHICLE VALUE(52046868002646102, 'Maserati', 'Elise', 'SUV', 1979, 43078, 'Rosewood');
 INSERT INTO VEHICLE VALUE(12093635642293523, 'Cadillac', 'LTD', 'Luxury', 1989, 91834, 'Dark Khaki');
 INSERT INTO VEHICLE_INVENTORY VALUE(12093635642293523, 1003, '20070206', 2544, 4613.32);
 INSERT INTO VEHICLE VALUE(56351052726622695, 'Lexus', 'Imperial', 'Compact', 2013, 87159, 'Deep Sky Blue');
 INSERT INTO VEHICLE VALUE(22652771679253958, 'Geo', 'Panamera', 'SUV', 1974, 105139, 'Light Green');
 INSERT INTO VEHICLE VALUE(90284985168268793, 'Geo', 'Gallardo', 'Compact', 1990, 21832, 'Electric Blue');
 INSERT INTO VEHICLE VALUE(37598634540200723, 'Hyundai', 'Tempest', 'Luxury', 1965, 11707, 'Cinereous');
 INSERT INTO VEHICLE VALUE(69004332610521870, 'Geo', '5000CS', 'Truck', 1957, 76509, 'Jazzberry Jam');
 INSERT INTO VEHICLE_INVENTORY VALUE(69004332610521870, 1002, '20100200', 13873, 14971.4);
 INSERT INTO VEHICLE VALUE(34561499713911408, 'Rambler', 'XT', 'Truck', 1957, 114672, 'Rose Taupe');
 INSERT INTO VEHICLE_INVENTORY VALUE(34561499713911408, 1005, '20040911', 9216, 16837.8);
 INSERT INTO VEHICLE VALUE(16686736842713139, 'Corbin', 'VUE', 'SUV', 1963, 6591, 'Maya Blue');
 INSERT INTO VEHICLE VALUE(06521145957084517, 'Spyker Cars', '924 S', 'Compact', 1987, 95727, 'Coquelicot');
 INSERT INTO VEHICLE_INVENTORY VALUE(06521145957084517, 1008, '20050900', 9749, 15895.3);
 INSERT INTO VEHICLE VALUE(32136470846996570, 'Shelby', '600SL', 'Compact', 1968, 113079, 'Dark Brown');
 INSERT INTO VEHICLE_INVENTORY VALUE(32136470846996570, 1002, '20030410', 21085, 21263.2);
 INSERT INTO VEHICLE VALUE(35396891010802488, 'Lincoln', 'EV1', 'Luxury', 1973, 14223, 'Sunset');
 INSERT INTO VEHICLE_INVENTORY VALUE(35396891010802488, 1002, '20030011', 17507, 27615.4);
 INSERT INTO VEHICLE VALUE(74361120203843523, 'Austin', 'Reno', 'Compact', 1975, 60487, 'Antique White');
 INSERT INTO VEHICLE_INVENTORY VALUE(74361120203843523, 1009, '20050016', 3452, 6382.49);
 INSERT INTO VEHICLE VALUE(02618996275563939, 'Isuzu', 'Touareg 2', 'SUV', 1963, 147592, 'Antique Brass');
 INSERT INTO VEHICLE VALUE(32869389416388208, 'Cadillac', 'Ram Van 2500', 'Truck', 2007, 96183, 'Royal Fuchsia');
 INSERT INTO VEHICLE_INVENTORY VALUE(32869389416388208, 1001, '20120421', 16445, 28050.9);
 INSERT INTO VEHICLE VALUE(05902856213663855, 'Scion', 'G-Series G10', 'Truck', 2010, 4630, 'Anti-Flash White');
 INSERT INTO VEHICLE_INVENTORY VALUE(05902856213663855, 1001, '20040012', 6530, 11616.4);
 INSERT INTO VEHICLE VALUE(52213396117235247, 'Infiniti', 'Grand Voyager', 'SUV', 2006, 41434, 'Dark Salmon');
 INSERT INTO VEHICLE VALUE(14316903876488124, 'Saturn', 'Forenza', 'Van', 1992, 4103, 'Mikado Yellow');
 INSERT INTO VEHICLE_INVENTORY VALUE(14316903876488124, 1002, '20080103', 12320, 18465.7);
 INSERT INTO VEHICLE VALUE(82752192168575067, 'Daihatsu', 'Classic', 'Truck', 1986, 28513, 'Blue-Violet');
 INSERT INTO VEHICLE_INVENTORY VALUE(82752192168575067, 1010, '20120403', 18641, 28200.3);
 INSERT INTO VEHICLE VALUE(57160102273751231, 'Aptera', '400SE', 'Van', 2001, 123083, 'Purple Pizzazz');
 INSERT INTO VEHICLE_INVENTORY VALUE(57160102273751231, 1009, '20121008', 12878, 16713.7);
 INSERT INTO VEHICLE VALUE(81995456412696516, 'Porsche', 'Xterra', 'Compact', 2011, 35893, 'Lavender Pink');
 INSERT INTO VEHICLE VALUE(59276179252663391, 'Ford', 'Verona', 'SUV', 1965, 34002, 'Rose Bonbon');
 INSERT INTO VEHICLE VALUE(47457359068721782, 'Volvo', 'Boxster', 'Compact', 1996, 32948, 'Pear');
 INSERT INTO VEHICLE VALUE(00819868128792858, 'Plymouth', 'Capri', 'SUV', 1987, 54341, 'Rich Lilac');
 INSERT INTO VEHICLE VALUE(78590943982170697, 'Smart', 'Reno', 'SUV', 1976, 47314, 'British Racing Green');
 INSERT INTO VEHICLE_INVENTORY VALUE(78590943982170697, 1002, '20120726', 17826, 30676.2);
 INSERT INTO VEHICLE VALUE(84649952075693334, 'Saab', 'Achieva', 'Truck', 1963, 41830, 'Pale Brown');
 INSERT INTO VEHICLE VALUE(60894790494836366, 'Jensen', '500SEC', 'Truck', 1984, 137812, 'Dark Magenta');
 INSERT INTO VEHICLE VALUE(01419253886963748, 'Lincoln', 'Continental', 'Luxury', 1960, 136959, 'Emerald');
 INSERT INTO VEHICLE_INVENTORY VALUE(01419253886963748, 1009, '20060109', 11038, 20667.2);
 INSERT INTO VEHICLE VALUE(42778986066481124, 'Rambler', 'Defender Ice Edition', 'Van', 1994, 112250, 'Mustard');
 INSERT INTO VEHICLE_INVENTORY VALUE(42778986066481124, 1003, '20060720', 15765, 23250.5);
 INSERT INTO VEHICLE VALUE(60325160019729635, 'HUMMER', 'Sienna', 'Compact', 2001, 18349, 'Light Apricot');
 INSERT INTO VEHICLE_INVENTORY VALUE(60325160019729635, 1008, '20121120', 3418, 3855.44);
 INSERT INTO VEHICLE VALUE(73568462763302698, 'Lamborghini', 'LR2', 'SUV', 1954, 139734, 'Chrome Yellow');
 INSERT INTO VEHICLE VALUE(30449721536687417, 'Buick', 'Mighty Max Macro', 'SUV', 1996, 93167, 'Tea Green');
 INSERT INTO VEHICLE_INVENTORY VALUE(30449721536687417, 1009, '20061108', 17054, 27287.8);
 INSERT INTO VEHICLE VALUE(02781752448245949, 'MINI', 'Envoy XUV', 'SUV', 1968, 148050, 'Misty Rose');
 INSERT INTO VEHICLE_INVENTORY VALUE(02781752448245949, 1003, '20031015', 7147, 12201.3);
 INSERT INTO VEHICLE VALUE(31056254675977233, 'Lincoln', 'Terrain', 'Van', 1999, 132477, 'Gold (Metallic)');
 INSERT INTO VEHICLE_INVENTORY VALUE(31056254675977233, 1007, '20060710', 10676, 16407.2);
 INSERT INTO VEHICLE VALUE(27395817759128610, 'Renault', 'Colt', 'Truck', 1997, 98373, 'Regalia');
 INSERT INTO VEHICLE VALUE(42492184828870305, 'Plymouth', 'Ram 3500', 'Compact', 1998, 53310, 'Drab');
 INSERT INTO VEHICLE_INVENTORY VALUE(42492184828870305, 1006, '20100521', 12687, 14076);
 INSERT INTO VEHICLE VALUE(13795466943710321, 'Scion', 'SLX', 'Compact', 1971, 41593, 'Satin Sheen Gold');
 INSERT INTO VEHICLE_INVENTORY VALUE(13795466943710321, 1002, '20120017', 19362, 30017.6);
 INSERT INTO VEHICLE VALUE(86042382918369070, 'Nissan', 'Diamante', 'Luxury', 2013, 130688, 'Dark Slate Blue');
 INSERT INTO VEHICLE_INVENTORY VALUE(86042382918369070, 1003, '20091006', 15101, 17621.4);
 INSERT INTO VEHICLE VALUE(44039863498988510, 'Volkswagen', 'S-Series', 'Compact', 2003, 72682, 'Duke Blue');
 INSERT INTO VEHICLE VALUE(72364648093519657, 'Pontiac', 'Tundra', 'SUV', 1974, 103360, 'Avocado');
 INSERT INTO VEHICLE VALUE(94542736520907183, 'Bentley', 'G25', 'Van', 1975, 58352, 'Celadon Blue');
 INSERT INTO VEHICLE_INVENTORY VALUE(94542736520907183, 1001, '20090306', 6570, 7523.75);
 INSERT INTO VEHICLE VALUE(33537734598808311, 'Subaru', '300SD', 'Truck', 2005, 113623, 'Bleu De France');
 INSERT INTO VEHICLE_INVENTORY VALUE(33537734598808311, 1006, '20060420', 10029, 19639.7);
 INSERT INTO VEHICLE VALUE(17903758825878888, 'Cadillac', 'Hombre', 'Van', 2007, 110386, 'Saffron');
 INSERT INTO VEHICLE VALUE(24673145908192620, 'Daihatsu', 'Ram 50', 'Van', 2006, 125129, 'St. Patrick Blue');
 INSERT INTO VEHICLE VALUE(48016958220799708, 'Maserati', 'Jimmy', 'Truck', 2013, 107292, 'Lemon Lime');
 INSERT INTO VEHICLE VALUE(78417395635110198, 'Daewoo', 'Mazdaspeed6', 'Compact', 1969, 69922, 'Maroon (X11)');
 INSERT INTO VEHICLE VALUE(31214370052527680, 'Saab', 'Grand Caravan', 'Compact', 1960, 66444, 'Teal');
 INSERT INTO VEHICLE_INVENTORY VALUE(31214370052527680, 1007, '20080000', 6178, 7546.41);
 INSERT INTO VEHICLE VALUE(47936921742499211, 'Aston Martin', 'Pacifica', 'SUV', 1975, 100698, 'Blue-Violet');
 INSERT INTO VEHICLE VALUE(14941190897382605, 'Jensen', 'Reliant', 'Van', 2006, 62724, 'Light Red Ochre');
 INSERT INTO VEHICLE VALUE(42239405280791684, 'Tesla', 'CR-Z', 'Truck', 1966, 107971, 'Cal Poly Green');
 INSERT INTO VEHICLE VALUE(45747775321799686, 'Ford', '8 Series', 'Truck', 1974, 44179, 'Medium Aquamarine');
 INSERT INTO VEHICLE VALUE(59936845680320884, 'Pontiac', '300TE', 'Truck', 1995, 34239, 'Cerise Pink');
 INSERT INTO VEHICLE_INVENTORY VALUE(59936845680320884, 1010, '20110108', 18300, 21214.1);
 INSERT INTO VEHICLE VALUE(58350554632160227, 'Suzuki', '207', 'SUV', 1988, 137170, 'Sunglow');
 INSERT INTO VEHICLE_INVENTORY VALUE(58350554632160227, 1006, '20040927', 3192, 6163.69);
 INSERT INTO VEHICLE VALUE(80021983478478302, 'Chevrolet', 'Rally Wagon G3500', 'Van', 1994, 125857, 'Persian Red');
 INSERT INTO VEHICLE VALUE(62734790449574285, 'Eagle', 'C/V', 'SUV', 1995, 98643, 'Moss Green');
 INSERT INTO VEHICLE_INVENTORY VALUE(62734790449574285, 1001, '20120326', 19771, 38328.5);
 INSERT INTO VEHICLE VALUE(53890738871067991, 'Smart', '924 S', 'Van', 1987, 117264, 'Smalt (Dark Powder Blue)');
 INSERT INTO VEHICLE_INVENTORY VALUE(53890738871067991, 1007, '20110800', 18710, 36854.5);
 INSERT INTO VEHICLE VALUE(55305958538124039, 'Ferrari', 'Monterey', 'Compact', 1998, 99302, 'Medium Vermilion');
 INSERT INTO VEHICLE VALUE(83761741958986244, 'Daihatsu', '1500 Club Coupe', 'SUV', 1975, 28829, 'Cordovan');
 INSERT INTO VEHICLE_INVENTORY VALUE(83761741958986244, 1003, '20100024', 14941, 15518.1);
 INSERT INTO VEHICLE VALUE(66601462751039388, 'Lamborghini', 'Rally Wagon G2500', 'Van', 1991, 42729, 'Shadow');
 INSERT INTO VEHICLE_INVENTORY VALUE(66601462751039388, 1006, '20111022', 16189, 26276.3);
 INSERT INTO VEHICLE VALUE(16106941978005792, 'Acura', 'Daewoo Magnus', 'SUV', 1960, 133189, 'Red');
 INSERT INTO VEHICLE VALUE(01272351674395545, 'Lexus', 'Ranger', 'Compact', 1985, 138495, 'Periwinkle');
 INSERT INTO VEHICLE_INVENTORY VALUE(01272351674395545, 1004, '20070019', 11856, 21204.7);
 INSERT INTO VEHICLE VALUE(62624468183444589, 'Chrysler', 'Sonata', 'Van', 1972, 75398, 'Pale Magenta');
 INSERT INTO VEHICLE VALUE(25433342520718291, 'Ferrari', 'S70', 'SUV', 1957, 149782, 'Hot Magenta');
 INSERT INTO VEHICLE_INVENTORY VALUE(25433342520718291, 1006, '20120920', 15012, 17744);
 INSERT INTO VEHICLE VALUE(75664584946661511, 'Spyker', 'LS Hybrid', 'Compact', 2001, 54773, 'Rich Lilac');
 INSERT INTO VEHICLE VALUE(21910808896116330, 'Chrysler', 'Cougar', 'Truck', 1984, 8705, 'Limerick');
 INSERT INTO VEHICLE_INVENTORY VALUE(21910808896116330, 1004, '20090200', 12422, 14080.6);
 INSERT INTO VEHICLE VALUE(51756537425667244, 'Lexus', 'Familia', 'Luxury', 1967, 101787, 'Old Gold');
 INSERT INTO VEHICLE VALUE(32382651056670134, 'Hillman', 'Dynasty', 'Truck', 2003, 98042, 'Laser Lemon');
 INSERT INTO VEHICLE_INVENTORY VALUE(32382651056670134, 1007, '20030703', 4029, 7876.74);
 INSERT INTO VEHICLE VALUE(46025141799186175, 'Spyker Cars', 'VehiCROSS', 'Luxury', 1994, 123087, 'Magic Mint');
 INSERT INTO VEHICLE_INVENTORY VALUE(46025141799186175, 1004, '20080815', 4983, 6169.78);
 INSERT INTO VEHICLE VALUE(45756641152761607, 'Volkswagen', 'Datsun/Nissan Z-car', 'Van', 1982, 81136, 'Bubbles');
 INSERT INTO VEHICLE_INVENTORY VALUE(45756641152761607, 1010, '20100104', 15827, 28487.1);
 INSERT INTO VEHICLE VALUE(31888372314038648, 'Subaru', 'Cutlass', 'Van', 1961, 120199, 'International Orange (Golden Gate Bridge)');
 INSERT INTO VEHICLE_INVENTORY VALUE(31888372314038648, 1009, '20080808', 8564, 11407.6);
 INSERT INTO VEHICLE VALUE(61523293905727108, 'Shelby', 'Ram Van B250', 'Van', 1987, 33353, 'Electric Blue');
 INSERT INTO VEHICLE VALUE(85010233509427118, 'Acura', 'Alliance', 'Luxury', 2010, 114123, 'Eggplant');
 INSERT INTO VEHICLE VALUE(74643484099751218, 'Mitsubishi', 'i-Series', 'Luxury', 2008, 10990, 'Dark Brown');
 INSERT INTO VEHICLE VALUE(93848043460363877, 'Ram', 'F450', 'Compact', 1965, 127469, 'Melon');
 INSERT INTO VEHICLE_INVENTORY VALUE(93848043460363877, 1010, '20121006', 17564, 29094);
 INSERT INTO VEHICLE VALUE(77858053807496340, 'Oldsmobile', 'Capri', 'Van', 1960, 62864, 'Pale Violet-Red');
 INSERT INTO VEHICLE_INVENTORY VALUE(77858053807496340, 1007, '20060416', 20280, 36157.8);
 INSERT INTO VEHICLE VALUE(34156413292263578, 'MINI', 'Prius', 'Truck', 2001, 76122, 'Antique White');
 INSERT INTO VEHICLE VALUE(29705909641473017, 'Corbin', 'Accent', 'Van', 2008, 4044, 'Ferrari Red');
 INSERT INTO VEHICLE_INVENTORY VALUE(29705909641473017, 1006, '20050623', 8708, 15387.6);
 INSERT INTO VEHICLE VALUE(70518701879061784, 'Buick', 'Corvair 500', 'Compact', 1967, 9981, 'Ou Crimson Red');
 INSERT INTO VEHICLE_INVENTORY VALUE(70518701879061784, 1006, '20090417', 9971, 10270.3);
 INSERT INTO VEHICLE VALUE(80838975846460988, 'MG', 'Range Rover Classic', 'Luxury', 1975, 115479, 'Laser Lemon');
 INSERT INTO VEHICLE VALUE(14451305211350026, 'Scion', 'Regal', 'Truck', 1990, 145820, 'Oxford Blue');
 INSERT INTO VEHICLE VALUE(81532351034244295, 'Scion', 'LTD Crown Victoria', 'Compact', 1987, 129239, 'Little Boy Blue');
 INSERT INTO VEHICLE_INVENTORY VALUE(81532351034244295, 1009, '20031008', 12334, 13343.4);
 INSERT INTO VEHICLE VALUE(58316032199333038, 'BMW', 'Raider', 'Van', 1999, 140069, 'Blue (Munsell)');
 INSERT INTO VEHICLE VALUE(35241954513578200, 'Mazda', 'Astra', 'Luxury', 2007, 39543, 'Dark Red');
 INSERT INTO VEHICLE VALUE(95605622336177705, 'Ford', 'Tracker', 'Compact', 1992, 80255, 'Apricot');
 INSERT INTO VEHICLE_INVENTORY VALUE(95605622336177705, 1008, '20040916', 16697, 23398.3);
 INSERT INTO VEHICLE VALUE(01598772070780270, 'Chevrolet', 'RDX', 'Compact', 1985, 143855, 'Pale Robin Egg Blue');
 INSERT INTO VEHICLE_INVENTORY VALUE(01598772070780270, 1006, '20110427', 3424, 3470.25);
 INSERT INTO VEHICLE VALUE(88478521807155632, 'Jeep', 'Previa', 'Luxury', 1977, 103089, 'Pastel Brown');
 INSERT INTO VEHICLE_INVENTORY VALUE(88478521807155632, 1003, '20080207', 10002, 15117);
 INSERT INTO VEHICLE VALUE(86328394841972398, 'Hyundai', 'Expo LRV', 'Truck', 1992, 135585, 'Chartreuse (Web)');
 INSERT INTO VEHICLE_INVENTORY VALUE(86328394841972398, 1008, '20060904', 21280, 41378.7);
 INSERT INTO VEHICLE VALUE(30042682207396089, 'Jaguar', 'Cayman', 'SUV', 1970, 10786, 'Mikado Yellow');
 INSERT INTO VEHICLE_INVENTORY VALUE(30042682207396089, 1008, '20060913', 12579, 19515.4);
 INSERT INTO VEHICLE VALUE(41460189013130903, 'Panoz', 'Exige', 'Truck', 1965, 87543, 'Light Sea Green');
 INSERT INTO VEHICLE_INVENTORY VALUE(41460189013130903, 1006, '20090310', 21212, 33530.1);
 INSERT INTO VEHICLE VALUE(80920011358342707, 'Hillman', 'Z8', 'Compact', 1973, 76531, 'Pearl Aqua');
 INSERT INTO VEHICLE_INVENTORY VALUE(80920011358342707, 1006, '20040906', 12038, 12916.1);
 INSERT INTO VEHICLE VALUE(55230360994378477, 'Chevrolet', 'Suburban 1500', 'Compact', 2007, 104353, 'Redwood');
 INSERT INTO VEHICLE_INVENTORY VALUE(55230360994378477, 1001, '20110515', 5661, 10132.4);
 INSERT INTO VEHICLE VALUE(58806991134474166, 'BMW', 'Discovery', 'Luxury', 2012, 112749, 'Copper Penny');
 INSERT INTO VEHICLE VALUE(69830078643205224, 'Mitsubishi', 'Falcon', 'Truck', 2005, 66684, 'Antique Brass');
 INSERT INTO VEHICLE VALUE(77507680944913847, 'Ram', 'Torrent', 'Van', 1987, 124510, 'Red-Orange');
 INSERT INTO VEHICLE VALUE(80831981610222597, 'Smart', 'Tahoe', 'Luxury', 1984, 149022, 'Black Leather Jacket');
 INSERT INTO VEHICLE_INVENTORY VALUE(80831981610222597, 1009, '20090821', 4623, 5755.17);
 INSERT INTO VEHICLE VALUE(13382969569374968, 'Dodge', 'Ram Wagon B350', 'Truck', 1973, 71281, 'Dark Cyan');
 INSERT INTO VEHICLE_INVENTORY VALUE(13382969569374968, 1003, '20110821', 6352, 8854.35);
 INSERT INTO VEHICLE VALUE(37612822635670893, 'Subaru', '1000', 'Luxury', 2002, 49148, 'North Texas Green');
 INSERT INTO VEHICLE VALUE(25369811171253433, 'Infiniti', 'Trooper', 'SUV', 2008, 43584, 'Dark Blue');
 INSERT INTO VEHICLE VALUE(56639710625616798, 'Plymouth', 'Sonic', 'Luxury', 1978, 99035, 'Liver');
 INSERT INTO VEHICLE VALUE(84684074390705269, 'Suzuki', 'Colt Vista', 'Compact', 2001, 134916, 'Café Au Lait');
 INSERT INTO VEHICLE VALUE(80129878554328361, 'Infiniti', 'Veyron', 'Luxury', 1993, 77435, 'Gray (Html/Css Gray)');
 INSERT INTO VEHICLE VALUE(15234553473941160, 'Dodge', 'Optima', 'Truck', 1957, 20427, 'Jungle Green');
 INSERT INTO VEHICLE_INVENTORY VALUE(15234553473941160, 1004, '20060012', 16333, 22699.6);
 INSERT INTO VEHICLE VALUE(10244580704954293, 'Peugeot', 'F-250 Super Duty', 'Compact', 1974, 55534, 'Falu Red');
 INSERT INTO VEHICLE VALUE(59727809844684251, 'Corbin', 'SJ 410', 'Truck', 1976, 63641, 'Paris Green');
 INSERT INTO VEHICLE VALUE(34987713832756452, 'Volvo', 'Vandura G3500', 'Luxury', 1984, 119040, 'Royal Yellow');
 INSERT INTO VEHICLE VALUE(54538185498609074, 'MG', 'IPL G', 'SUV', 2009, 94908, 'Arsenic');
 INSERT INTO VEHICLE_INVENTORY VALUE(54538185498609074, 1003, '20040417', 7056, 13535.9);
 INSERT INTO VEHICLE VALUE(98111842662769420, 'GMC', 'GT-R', 'Van', 1977, 13327, 'Icterine');
 INSERT INTO VEHICLE VALUE(07650588839181836, 'Porsche', 'PT Cruiser', 'Van', 1975, 44626, 'Medium Spring Green');
 INSERT INTO VEHICLE_INVENTORY VALUE(07650588839181836, 1010, '20050403', 7202, 7340.12);
 INSERT INTO VEHICLE VALUE(39181652857141737, 'Isuzu', '9-4X', 'Van', 1964, 122532, 'Iris');
 INSERT INTO VEHICLE VALUE(85164628454782514, 'Dodge', 'Cayman', 'Compact', 1964, 11238, 'Falu Red');
 INSERT INTO VEHICLE_INVENTORY VALUE(85164628454782514, 1008, '20060411', 14354, 16071.5);
 INSERT INTO VEHICLE VALUE(38576855339526230, 'Alfa Romeo', 'New Beetle', 'Truck', 1970, 31797, 'Persian Rose');
 INSERT INTO VEHICLE_INVENTORY VALUE(38576855339526230, 1001, '20100117', 6789, 8427.68);
 INSERT INTO VEHICLE VALUE(31782375821563992, 'Saturn', '8 Series', 'Luxury', 1989, 134150, 'Lavender Pink');
 INSERT INTO VEHICLE VALUE(25063827974959846, 'Ford', '940', 'Luxury', 2001, 143691, 'Light Thulian Pink');
 INSERT INTO VEHICLE VALUE(55637395086898354, 'Plymouth', 'Bonneville', 'Truck', 1967, 70694, 'Pale Aqua');
 INSERT INTO VEHICLE_INVENTORY VALUE(55637395086898354, 1009, '20081109', 15941, 23900.2);
 INSERT INTO VEHICLE VALUE(24963212504346360, 'MINI', 'Grand Am', 'Van', 1972, 139332, 'Honolulu Blue');
 INSERT INTO VEHICLE_INVENTORY VALUE(24963212504346360, 1010, '20120125', 14980, 19365.4);
 INSERT INTO VEHICLE VALUE(35851334714673611, 'Infiniti', '2e', 'Truck', 2011, 53870, 'Aqua');
 INSERT INTO VEHICLE_INVENTORY VALUE(35851334714673611, 1002, '20050015', 9203, 14934.3);
 INSERT INTO VEHICLE VALUE(87251137526092457, 'Dodge', 'Vibe', 'Van', 1992, 90102, 'Celadon');
 INSERT INTO VEHICLE VALUE(65803335990227378, 'Aptera', 'LS Hybrid', 'Truck', 2003, 44936, 'Aqua');
 INSERT INTO VEHICLE VALUE(12707538640230744, 'Geo', 'F-Series Super Duty', 'SUV', 1983, 20219, 'Rose Vale');
 INSERT INTO VEHICLE_INVENTORY VALUE(12707538640230744, 1003, '20030218', 15340, 19609.2);
 INSERT INTO VEHICLE VALUE(18430257221688408, 'Pontiac', 'Savana 1500', 'Compact', 1963, 77037, 'British Racing Green');
 INSERT INTO VEHICLE_INVENTORY VALUE(18430257221688408, 1008, '20030103', 10865, 21258.9);
 INSERT INTO VEHICLE VALUE(09112136868470199, 'Jeep', 'Hombre Space', 'Compact', 1971, 80090, 'Pearly Purple');
 INSERT INTO VEHICLE VALUE(92953136670664234, 'Eagle', 'Tracer', 'Luxury', 1961, 128837, 'Pastel Yellow');
 INSERT INTO VEHICLE VALUE(14244254346710161, 'Toyota', 'Impreza', 'SUV', 2006, 142571, 'Lava');
 INSERT INTO VEHICLE_INVENTORY VALUE(14244254346710161, 1004, '20060509', 9681, 12604.2);
 INSERT INTO VEHICLE VALUE(55072810337590180, 'MG', 'X-90', 'Truck', 1954, 126177, 'St. Patrick Blue');
 INSERT INTO VEHICLE VALUE(62413882725492915, 'BMW', 'F430', 'Van', 1956, 68276, 'French Rose');
 INSERT INTO VEHICLE_INVENTORY VALUE(62413882725492915, 1004, '20080327', 12268, 18593.9);
 INSERT INTO VEHICLE VALUE(80333777812135507, 'Panoz', 'Commander', 'Luxury', 1954, 64651, 'Silver');
 INSERT INTO VEHICLE VALUE(48134076511058167, 'Pontiac', 'SC', 'Truck', 1965, 30043, 'Honolulu Blue');
 INSERT INTO VEHICLE VALUE(21816937069350409, 'Panoz', 'Leone', 'SUV', 2008, 39948, 'Light Salmon Pink');
 INSERT INTO VEHICLE_INVENTORY VALUE(21816937069350409, 1003, '20040215', 2861, 5153.76);
 INSERT INTO VEHICLE VALUE(80064281061760848, 'Daihatsu', '924', 'Luxury', 1988, 130253, 'Screamin Green');
 INSERT INTO VEHICLE_INVENTORY VALUE(80064281061760848, 1008, '20100115', 3979, 6760.31);
 INSERT INTO VEHICLE VALUE(00833866831127995, 'Nissan', '5000S', 'SUV', 1988, 19360, 'Smoky Black');
 INSERT INTO VEHICLE VALUE(04547645843335754, 'Bugatti', 'Grand Cherokee', 'Truck', 2006, 102948, 'Plum (Web)');
 INSERT INTO VEHICLE_INVENTORY VALUE(04547645843335754, 1010, '20030218', 13179, 24735.1);
 INSERT INTO VEHICLE VALUE(09526512395869995, 'Panoz', 'Aventador', 'SUV', 1982, 111312, 'Dark Turquoise');
 INSERT INTO VEHICLE VALUE(49874016827742954, 'Fillmore', 'H3T', 'SUV', 1963, 36586, 'Phthalo Blue');
 INSERT INTO VEHICLE VALUE(88275160069224459, 'Fairthorpe', 'Aero 8', 'Van', 1986, 92783, 'Deep Carmine');
 INSERT INTO VEHICLE_INVENTORY VALUE(88275160069224459, 1010, '20060902', 6708, 11184.7);
 INSERT INTO VEHICLE VALUE(24537472134240797, 'Studebaker', '5000CS Quattro', 'Truck', 1958, 97271, 'Linen');
 INSERT INTO VEHICLE_INVENTORY VALUE(24537472134240797, 1007, '20030303', 7059, 7321.89);
 INSERT INTO VEHICLE VALUE(03022439688904230, 'MG', '940', 'Truck', 1991, 92882, 'Harvard Crimson');
 INSERT INTO VEHICLE VALUE(49323647354679759, 'Dodge', 'Azure', 'SUV', 2000, 9693, 'Caribbean Green');
 INSERT INTO VEHICLE_INVENTORY VALUE(49323647354679759, 1008, '20030022', 18312, 20089.6);
 INSERT INTO VEHICLE VALUE(97973191942418701, 'FIAT', 'RX Hybrid', 'Truck', 1973, 140362, 'Daffodil');
 INSERT INTO VEHICLE VALUE(22099704108832987, 'Ram', 'MX-5', 'SUV', 2009, 1307, 'Burgundy');
 INSERT INTO VEHICLE_INVENTORY VALUE(22099704108832987, 1001, '20050706', 7268, 7271.45);
 INSERT INTO VEHICLE VALUE(63194989708553135, 'Mazda', 'XJ Series', 'Truck', 1983, 137715, 'Cobalt');
 INSERT INTO VEHICLE VALUE(89351344297564258, 'Audi', 'Evora', 'Compact', 1997, 104752, 'Shadow');
 INSERT INTO VEHICLE VALUE(96102747718892490, 'Rolls-Royce', 'Outback Sport', 'Truck', 1979, 31769, 'Dark Terra Cotta');
 INSERT INTO VEHICLE VALUE(44431556229810965, 'Ferrari', 'Festiva', 'Compact', 1976, 143270, 'Cherry');
 INSERT INTO VEHICLE VALUE(50580508177119828, 'Geo', 'RAV4', 'SUV', 1992, 138465, 'Red');
 INSERT INTO VEHICLE_INVENTORY VALUE(50580508177119828, 1008, '20111127', 14723, 22983.6);
 INSERT INTO VEHICLE VALUE(64696020431096923, 'MG', 'E-350 Super Duty', 'Truck', 2009, 81494, 'Plum (Web)');
 INSERT INTO VEHICLE VALUE(20162733507190108, 'Volkswagen', 'G3', 'Truck', 1987, 38951, 'Grullo');
 INSERT INTO VEHICLE VALUE(63288181473213430, 'Tesla', 'Stylus', 'SUV', 2008, 28403, 'Cinereous');
 INSERT INTO VEHICLE_INVENTORY VALUE(63288181473213430, 1003, '20090406', 10933, 16878.6);
 INSERT INTO VEHICLE VALUE(91887438907424951, 'Aptera', 'Caprice Classic', 'Luxury', 2013, 146823, 'Light Brown');
 INSERT INTO VEHICLE_INVENTORY VALUE(91887438907424951, 1002, '20030126', 18841, 24906.5);
 INSERT INTO VEHICLE VALUE(06204083001996310, 'Volkswagen', 'Q7', 'Truck', 1960, 120380, 'Brass');
 INSERT INTO VEHICLE_INVENTORY VALUE(06204083001996310, 1006, '20110025', 14669, 26904.5);
 INSERT INTO VEHICLE VALUE(03566284073467455, 'Smart', 'RS 4', 'SUV', 1954, 39705, 'Outer Space');
 INSERT INTO VEHICLE_INVENTORY VALUE(03566284073467455, 1003, '20040123', 5862, 6603.24);
 INSERT INTO VEHICLE VALUE(50509723499731867, 'Lotus', 'W123', 'Compact', 1971, 99017, 'Royal Azure');
 INSERT INTO VEHICLE_INVENTORY VALUE(50509723499731867, 1008, '20060720', 6982, 7941.14);
 INSERT INTO VEHICLE VALUE(55678161877747562, 'MG', 'Charade', 'Van', 1959, 30482, 'Carmine Pink');
 INSERT INTO VEHICLE VALUE(36640800442790591, 'Dodge', 'Mirage', 'Van', 2013, 120288, 'Rubine Red');
 INSERT INTO VEHICLE VALUE(93601598691225207, 'Mazda', 'Custom Cruiser', 'Compact', 2001, 80042, 'Heart Gold');
 INSERT INTO VEHICLE_INVENTORY VALUE(93601598691225207, 1008, '20060020', 20016, 29102.9);
 INSERT INTO VEHICLE VALUE(66475766358267507, 'Morgan', 'Comanche', 'SUV', 1982, 99688, 'Bittersweet');
 INSERT INTO VEHICLE VALUE(43209338098873058, 'Plymouth', 'Defender Ice Edition', 'Truck', 1973, 83197, 'Office Green');
 INSERT INTO VEHICLE VALUE(80756437686882202, 'Studebaker', 'Maxima', 'SUV', 1989, 85559, 'Rich Maroon');
 INSERT INTO VEHICLE_INVENTORY VALUE(80756437686882202, 1001, '20050110', 12085, 16539.3);
 INSERT INTO VEHICLE VALUE(36716988407268695, 'Toyota', 'Coachbuilder', 'Luxury', 1962, 98827, 'Anti-Flash White');
 INSERT INTO VEHICLE VALUE(24577902724455505, 'MG', 'Aries', 'Compact', 2003, 105481, 'Capri');
 INSERT INTO VEHICLE_INVENTORY VALUE(24577902724455505, 1002, '20111022', 5973, 9880.07);
 INSERT INTO VEHICLE VALUE(13179653685829731, 'Fairthorpe', 'RX', 'Truck', 1991, 140081, 'Brass');
 INSERT INTO VEHICLE_INVENTORY VALUE(13179653685829731, 1010, '20030606', 12013, 18094.7);
 INSERT INTO VEHICLE VALUE(31487871674759678, 'Fillmore', 'Xtra', 'Truck', 1973, 133568, 'Pastel Purple');
 INSERT INTO VEHICLE_INVENTORY VALUE(31487871674759678, 1008, '20031007', 17372, 19321.5);
 INSERT INTO VEHICLE VALUE(47965007072265922, 'Ferrari', 'Fiero', 'Luxury', 1980, 14536, 'Bright Ube');
 INSERT INTO VEHICLE_INVENTORY VALUE(47965007072265922, 1003, '20081106', 18338, 20100.1);
 INSERT INTO VEHICLE VALUE(15824483007227753, 'Smart', '550', 'Luxury', 1983, 61532, 'Cherry Blossom Pink');
 INSERT INTO VEHICLE VALUE(16095702081527885, 'Foose', 'Millenia', 'Compact', 1996, 97169, 'Pale Spring Bud');
 INSERT INTO VEHICLE VALUE(42596049818716627, 'Plymouth', 'Express 1500', 'Luxury', 1960, 11662, 'Carolina Blue');
 INSERT INTO VEHICLE VALUE(53442581419162001, 'Ferrari', '530', 'SUV', 1998, 72016, 'Magenta (Dye)');
 INSERT INTO VEHICLE_INVENTORY VALUE(53442581419162001, 1005, '20030025', 22028, 28117.2);
 INSERT INTO VEHICLE VALUE(71381139592194368, 'Lincoln', 'Escalade EXT', 'Truck', 2005, 98489, 'Pansy Purple');
 INSERT INTO VEHICLE VALUE(22800401593656913, 'Hillman', 'Forester', 'Van', 1962, 76235, 'Lavender Rose');
 INSERT INTO VEHICLE_INVENTORY VALUE(22800401593656913, 1005, '20090304', 14623, 24744.1);
 INSERT INTO VEHICLE VALUE(40505385180235986, 'Chevrolet', 'Vandura G2500', 'SUV', 1991, 42144, 'Green (Pigment)');
 INSERT INTO VEHICLE VALUE(40548326865431369, 'Mazda', 'Clubman', 'Luxury', 1984, 105781, 'Light Pink');
 INSERT INTO VEHICLE_INVENTORY VALUE(40548326865431369, 1004, '20041012', 12793, 15828.3);
 INSERT INTO VEHICLE VALUE(68172026062235987, 'Morgan', 'S8', 'SUV', 1973, 114016, 'Carnelian');
 INSERT INTO VEHICLE VALUE(28394071069336048, 'Maybach', 'Verano', 'Van', 2009, 93283, 'Mellow Apricot');
 INSERT INTO VEHICLE VALUE(23774585728259797, 'Jaguar', 'Capri', 'Luxury', 1985, 19128, 'Powder Blue (Web)');
 INSERT INTO VEHICLE VALUE(08168071872521957, 'Isuzu', '300SL', 'SUV', 2012, 136405, 'China Rose');
 INSERT INTO VEHICLE VALUE(74788514223731249, 'Audi', 'Kizashi', 'Truck', 1966, 56126, 'Amber');
 INSERT INTO VEHICLE VALUE(66818381642101036, 'Bentley', 'Millenia', 'Compact', 2009, 76539, 'Rufous');
 INSERT INTO VEHICLE_INVENTORY VALUE(66818381642101036, 1002, '20051110', 15770, 25299);
 INSERT INTO VEHICLE VALUE(29790255066376535, 'Jeep', 'Yukon Denali', 'Compact', 2004, 2757, 'Bubbles');
 INSERT INTO VEHICLE VALUE(38736816700231061, 'Lamborghini', 'Verano', 'Compact', 2010, 24363, 'Gray (X11 Gray)');
 INSERT INTO VEHICLE VALUE(92912573775239971, 'Lexus', 'Mentor', 'SUV', 1990, 33580, 'Deep Carmine');
 INSERT INTO VEHICLE_INVENTORY VALUE(92912573775239971, 1002, '20030321', 16403, 22042.8);
 INSERT INTO VEHICLE VALUE(55693102193833155, 'Alfa Romeo', 'MX-5', 'Luxury', 2002, 138045, 'Pale Red-Violet');
 INSERT INTO VEHICLE VALUE(15666657257798125, 'Spyker Cars', 'NV3500', 'Van', 1972, 146156, 'Lime (Color Wheel)');
 INSERT INTO VEHICLE_INVENTORY VALUE(15666657257798125, 1005, '20110120', 8934, 13593.9);
 INSERT INTO VEHICLE VALUE(36838765050978695, 'FIAT', 'Rally Wagon 3500', 'Truck', 1998, 126030, 'Dark Terra Cotta');
 INSERT INTO VEHICLE VALUE(35151407395594799, 'HUMMER', 'Murciélago', 'Truck', 1983, 73510, 'Anti-Flash White');
 INSERT INTO VEHICLE_INVENTORY VALUE(35151407395594799, 1006, '20080902', 5319, 5808.76);
 INSERT INTO VEHICLE VALUE(28059392734560408, 'Lotus', 'Azure T', 'Van', 2002, 18994, 'Msu Green');
 INSERT INTO VEHICLE VALUE(09301343875759481, 'Volkswagen', 'S10 Blazer', 'Compact', 1989, 59643, 'China Rose');
 INSERT INTO VEHICLE VALUE(41839311797168479, 'Isuzu', 'RX-7', 'Compact', 2008, 34671, 'Pansy Purple');
 INSERT INTO VEHICLE_INVENTORY VALUE(41839311797168479, 1001, '20041024', 7060, 13836.1);
 INSERT INTO VEHICLE VALUE(69353407684231403, 'Daihatsu', 'Venza', 'SUV', 1976, 128561, 'Lemon Chiffon');
 INSERT INTO VEHICLE_INVENTORY VALUE(69353407684231403, 1004, '20041024', 10595, 14038);
 INSERT INTO VEHICLE VALUE(85761577869078317, 'Smart', '100', 'Truck', 1962, 27737, 'Light Sea Green');
 INSERT INTO VEHICLE VALUE(19432136999048714, 'Buick', '300D', 'Luxury', 1954, 144085, 'Café Au Lait');
 INSERT INTO VEHICLE VALUE(07647457767958560, 'Ram', 'Comanche', 'Truck', 1998, 89344, 'Congo Pink');
 INSERT INTO VEHICLE VALUE(36659814035084728, 'FIAT', '2CV', 'Van', 1999, 147540, 'Sea Green');
 INSERT INTO VEHICLE VALUE(01315412170936162, 'Hillman', 'Concorde', 'Luxury', 2002, 145448, 'Resolution Blue');
 INSERT INTO VEHICLE VALUE(02843351875846168, 'Shelby', 'X6 M', 'Truck', 1994, 132558, 'Neon Fuchsia');
 INSERT INTO VEHICLE VALUE(58009182947556702, 'McLaren', 'Prius Plug-in', 'Van', 1954, 36456, 'Islamic Green');
 INSERT INTO VEHICLE VALUE(61410022359216690, 'Buick', 'F-Series Super Duty', 'Truck', 1992, 3944, 'Phthalo Blue');
 INSERT INTO VEHICLE VALUE(36765975911734842, 'Austin', 'Impala SS', 'Van', 2007, 133614, 'Pearl Aqua');
 INSERT INTO VEHICLE_INVENTORY VALUE(36765975911734842, 1005, '20080107', 8237, 11869.6);
 INSERT INTO VEHICLE VALUE(15076672480392184, 'Land Rover', 'Eldorado', 'Luxury', 1962, 59313, 'Lavender Magenta');
 INSERT INTO VEHICLE_INVENTORY VALUE(15076672480392184, 1008, '20080416', 13004, 16652.9);
 INSERT INTO VEHICLE VALUE(95884360052563517, 'Mitsubishi', 'ZDX', 'Compact', 1984, 27184, 'Catalina Blue');
 INSERT INTO VEHICLE VALUE(01025383875142614, 'Daewoo', 'Fifth Ave', 'SUV', 1956, 106324, 'Red');
 INSERT INTO VEHICLE VALUE(99702526082733772, 'Lexus', 'Typ-1', 'SUV', 1994, 22799, 'Coral');
 INSERT INTO VEHICLE_INVENTORY VALUE(99702526082733772, 1005, '20090403', 15958, 19053.7);
 INSERT INTO VEHICLE VALUE(65776022803333201, 'Maybach', 'Journey', 'Truck', 1982, 105124, 'Cg Red');
 INSERT INTO VEHICLE_INVENTORY VALUE(65776022803333201, 1010, '20070323', 10354, 14353.7);
 INSERT INTO VEHICLE VALUE(13850735910906342, 'Aptera', 'LR2', 'Truck', 1968, 89380, 'Skobeloff');
 INSERT INTO VEHICLE_INVENTORY VALUE(13850735910906342, 1005, '20120722', 21657, 42595.8);
 INSERT INTO VEHICLE VALUE(97623147098282444, 'FIAT', 'Vigor', 'Truck', 2002, 77950, 'Electric Yellow');
 INSERT INTO VEHICLE VALUE(40242785225526324, 'Rambler', 'CX', 'SUV', 1969, 62376, 'Melon');
 INSERT INTO VEHICLE_INVENTORY VALUE(40242785225526324, 1004, '20060823', 12833, 21953.3);
 INSERT INTO VEHICLE VALUE(36812939416274828, 'Dodge', 'Aerostar', 'Van', 1972, 2606, 'Chocolate (Web)');
 INSERT INTO VEHICLE VALUE(37467575350839010, 'Mercedes-Benz', '850', 'Van', 1956, 101467, 'Magenta');
 INSERT INTO VEHICLE VALUE(42802431998298852, 'Bentley', 'Firebird Formula', 'Van', 1996, 99336, 'Medium Orchid');
 INSERT INTO VEHICLE_INVENTORY VALUE(42802431998298852, 1009, '20090001', 9817, 11162.5);
 INSERT INTO VEHICLE VALUE(94646757783978879, 'Mercedes-Benz', 'xB', 'Compact', 1976, 1489, 'Carmine Pink');
 INSERT INTO VEHICLE_INVENTORY VALUE(94646757783978879, 1001, '20050503', 11605, 15636.6);
 INSERT INTO VEHICLE VALUE(70141063025437710, 'Merkur', 'Versa', 'Van', 1962, 93904, 'Rich Carmine');
 INSERT INTO VEHICLE_INVENTORY VALUE(70141063025437710, 1002, '20030211', 4582, 7205.98);
 INSERT INTO VEHICLE VALUE(94662287013120323, 'Nissan', 'Sierra Hybrid', 'Truck', 1997, 59594, 'Tangerine Yellow');
 INSERT INTO VEHICLE_INVENTORY VALUE(94662287013120323, 1001, '20070102', 21706, 38710.7);
 INSERT INTO VEHICLE VALUE(05595672666103232, 'Tesla', 'S80', 'Luxury', 1967, 42617, 'Deep Fuchsia');
 INSERT INTO VEHICLE_INVENTORY VALUE(05595672666103232, 1008, '20090202', 21950, 27747.8);
 INSERT INTO VEHICLE VALUE(95708042945774676, 'Jaguar', 'i-290', 'Truck', 1997, 31360, 'Dogwood Rose');
 INSERT INTO VEHICLE VALUE(85026183951622873, 'Maybach', 'Envoy XL', 'Truck', 1998, 55448, 'Corn');
 INSERT INTO VEHICLE VALUE(30249668589870029, 'Geo', 'Forester', 'Compact', 1970, 46385, 'Medium Orchid');
 INSERT INTO VEHICLE VALUE(77317136215996145, 'Dodge', 'Summit', 'SUV', 1983, 67260, 'Copper Rose');
 INSERT INTO VEHICLE VALUE(90322806618047395, 'Pontiac', 'Storm', 'Truck', 2011, 98684, 'Indigo (Dye)');
 INSERT INTO VEHICLE_INVENTORY VALUE(90322806618047395, 1006, '20050623', 18268, 34139.9);
 INSERT INTO VEHICLE VALUE(32679436142722711, 'Aptera', 'Baja', 'Van', 1965, 208, 'Camel');
 INSERT INTO VEHICLE VALUE(77806703683614563, 'Cadillac', 'Milan', 'Compact', 1978, 101383, 'Phthalo Blue');
 INSERT INTO VEHICLE_INVENTORY VALUE(77806703683614563, 1006, '20040602', 14526, 25375.7);
 INSERT INTO VEHICLE VALUE(02333302296193365, 'Lotus', '4000s Quattro', 'Luxury', 1983, 16477, 'Electric Green');
 INSERT INTO VEHICLE VALUE(58503451326625532, 'Spyker Cars', 'Pacifica', 'Van', 1960, 127471, 'Tangelo');
 INSERT INTO VEHICLE_INVENTORY VALUE(58503451326625532, 1010, '20060702', 9630, 17964.2);
 INSERT INTO VEHICLE VALUE(45802475885476431, 'Acura', 'Q7', 'Truck', 1957, 49727, 'Daffodil');
 INSERT INTO VEHICLE_INVENTORY VALUE(45802475885476431, 1010, '20111102', 4600, 6294.81);
 INSERT INTO VEHICLE VALUE(14721512705135076, 'Geo', 'Sonoma', 'SUV', 2010, 93207, 'Gamboge');
 INSERT INTO VEHICLE VALUE(62813188621048116, 'Daihatsu', 'L-Series', 'Van', 2006, 32115, 'Manatee');
 INSERT INTO VEHICLE VALUE(59770801607167564, 'Rolls-Royce', 'Sunfire', 'SUV', 1998, 44212, 'Bole');
 INSERT INTO VEHICLE_INVENTORY VALUE(59770801607167564, 1009, '20100818', 2738, 5458.17);
 INSERT INTO VEHICLE VALUE(93954604263839948, 'Ferrari', 'Sundance', 'Luxury', 1965, 126297, 'Ecru');
 INSERT INTO VEHICLE_INVENTORY VALUE(93954604263839948, 1009, '20040213', 9895, 11099.1);
 INSERT INTO VEHICLE VALUE(07302659713002351, 'Infiniti', 'Azure', 'Van', 1955, 78884, 'Blush');
 INSERT INTO VEHICLE_INVENTORY VALUE(07302659713002351, 1010, '20070627', 12681, 20771.4);
 INSERT INTO VEHICLE VALUE(26639880960924210, 'FIAT', 'S2000', 'SUV', 1975, 85402, 'Catalina Blue');
 INSERT INTO VEHICLE VALUE(64135014042171782, 'Hillman', 'Aurora', 'Van', 1995, 147726, 'Blue');
 INSERT INTO VEHICLE_INVENTORY VALUE(64135014042171782, 1005, '20110121', 18323, 32700.5);
 INSERT INTO VEHICLE VALUE(72427152790989047, 'Maybach', 'E250', 'SUV', 1991, 70366, 'Prune');
 INSERT INTO VEHICLE_INVENTORY VALUE(72427152790989047, 1008, '20031111', 18227, 34778.2);
 INSERT INTO VEHICLE VALUE(98000810413813732, 'FIAT', '9-7X', 'Truck', 1996, 35910, 'Deep Magenta');
 INSERT INTO VEHICLE_INVENTORY VALUE(98000810413813732, 1008, '20100307', 17746, 24849.8);
 INSERT INTO VEHICLE VALUE(66606603867520963, 'BMW', 'GX', 'Compact', 1982, 6094, 'Cinnamon');
 INSERT INTO VEHICLE VALUE(84019108861277910, 'Bentley', '968', 'Luxury', 2010, 138134, 'Teal');
 INSERT INTO VEHICLE VALUE(88599602377525664, 'Mazda', 'Laser', 'Luxury', 1969, 24431, 'Sandy Brown');
 INSERT INTO VEHICLE VALUE(06753704636013759, 'Oldsmobile', 'Roadster', 'Van', 1972, 14015, 'Alizarin Crimson');
 INSERT INTO VEHICLE_INVENTORY VALUE(06753704636013759, 1002, '20120613', 6662, 12680.9);
 INSERT INTO VEHICLE VALUE(61685638718639720, 'MINI', 'Odyssey', 'Truck', 2013, 112543, 'Camel');
 INSERT INTO VEHICLE_INVENTORY VALUE(61685638718639720, 1006, '20110720', 9899, 14709.9);
 INSERT INTO VEHICLE VALUE(95699791521173666, 'Geo', 'Golf III', 'SUV', 1966, 220, 'Psychedelic Purple');
 INSERT INTO VEHICLE VALUE(30422564622300903, 'Alfa Romeo', 'Passport', 'SUV', 1966, 116255, 'Burgundy');
 INSERT INTO VEHICLE_INVENTORY VALUE(30422564622300903, 1009, '20051125', 20748, 28076.8);
 INSERT INTO VEHICLE VALUE(42095820931836943, 'Aptera', 'MKZ', 'Truck', 1957, 22230, 'Camel');
 INSERT INTO VEHICLE VALUE(25275576323524433, 'Mazda', 'Mulsanne', 'Van', 1954, 146816, 'Pale Brown');
 INSERT INTO VEHICLE_INVENTORY VALUE(25275576323524433, 1010, '20040722', 15146, 22964);
 INSERT INTO VEHICLE VALUE(07573089446248324, 'Nissan', 'D150 Club', 'Luxury', 1983, 127823, 'Fuchsia Rose');
 INSERT INTO VEHICLE VALUE(63163339245875814, 'Tesla', 'Diamante', 'SUV', 1996, 119101, 'Dodger Blue');
 INSERT INTO VEHICLE VALUE(42319876232495277, 'Austin', 'Clubman', 'Van', 1999, 100809, 'Aquamarine');
 INSERT INTO VEHICLE VALUE(72241747532941867, 'Smart', 'Verano', 'Compact', 1971, 62975, 'Lemon Lime');
 INSERT INTO VEHICLE_INVENTORY VALUE(72241747532941867, 1008, '20100216', 13341, 18174.7);
 INSERT INTO VEHICLE VALUE(36834772807562664, 'Volkswagen', 'Esprit Turbo', 'Truck', 1989, 32455, 'Pale Copper');
 INSERT INTO VEHICLE_INVENTORY VALUE(36834772807562664, 1001, '20111004', 11062, 18825.9);
 INSERT INTO VEHICLE VALUE(18703951145702811, 'Kia', 'Corsica', 'Van', 1979, 1251, 'Skobeloff');
 INSERT INTO VEHICLE_INVENTORY VALUE(18703951145702811, 1004, '20050215', 8865, 13593.9);
 INSERT INTO VEHICLE VALUE(95615592848080086, 'Austin', 'FCX Clarity', 'Van', 1989, 39973, 'Dark Powder Blue');
 INSERT INTO VEHICLE VALUE(86528343661287996, 'Daewoo', 'Cobalt', 'Van', 1962, 85166, 'Bright Ube');
 INSERT INTO VEHICLE VALUE(24847990405806000, 'Ram', 'Beretta', 'Truck', 1999, 3195, 'Cinnamon');
 INSERT INTO VEHICLE VALUE(67288911662154295, 'Ram', 'NV1500', 'Van', 2011, 57602, 'Blue (Ryb)');
 INSERT INTO VEHICLE VALUE(76905107775370885, 'Cadillac', 'Express 1500', 'SUV', 1981, 99571, 'Egyptian Blue');
 INSERT INTO VEHICLE_INVENTORY VALUE(76905107775370885, 1005, '20100909', 8349, 12092.9);
 INSERT INTO VEHICLE VALUE(92893792802520004, 'Panoz', 'Ram', 'Truck', 2013, 108916, 'Rich Brilliant Lavender');
 INSERT INTO VEHICLE VALUE(63043102516518884, 'MINI', 'Genesis', 'SUV', 1988, 72708, 'Seashell');
 INSERT INTO VEHICLE_INVENTORY VALUE(63043102516518884, 1008, '20040308', 15021, 19605.6);
 INSERT INTO VEHICLE VALUE(05908130829466137, 'Kia', 'Q', 'Luxury', 2007, 47341, 'Dark Orchid');
 INSERT INTO VEHICLE VALUE(01339705048287560, 'BMW', 'Q7', 'Van', 1992, 109832, 'Persian Green');
 INSERT INTO VEHICLE_INVENTORY VALUE(01339705048287560, 1003, '20051006', 22333, 43302.2);
 INSERT INTO VEHICLE VALUE(42222444655978521, 'MG', 'Eurovan', 'Compact', 1965, 29042, 'Arylide Yellow');
 INSERT INTO VEHICLE VALUE(14286848873744724, 'Land Rover', 'Daytona', 'SUV', 1997, 91044, 'Eggshell');
 INSERT INTO VEHICLE_INVENTORY VALUE(14286848873744724, 1003, '20050920', 20890, 33288.8);
 INSERT INTO VEHICLE VALUE(32565785895245785, 'Morgan', 'ZDX', 'Compact', 1973, 140054, 'Medium Sea Green');
 INSERT INTO VEHICLE VALUE(16147754076140151, 'BMW', 'LTD Crown Victoria', 'SUV', 2011, 108219, 'Persian Indigo');
 INSERT INTO VEHICLE_INVENTORY VALUE(16147754076140151, 1002, '20091019', 21620, 37189.1);
 INSERT INTO VEHICLE VALUE(93381286004890406, 'FIAT', '500SEC', 'Truck', 1965, 5799, 'Denim');
 INSERT INTO VEHICLE_INVENTORY VALUE(93381286004890406, 1010, '20080104', 14726, 26003.9);
 INSERT INTO VEHICLE VALUE(90777672051419865, 'Merkur', 'Sequoia', 'Compact', 2006, 71756, 'Purple Pizzazz');
 INSERT INTO VEHICLE_INVENTORY VALUE(90777672051419865, 1002, '20031017', 13039, 14609.9);
 INSERT INTO VEHICLE VALUE(44510396705656350, 'Lexus', 'Tahoe', 'SUV', 2002, 111226, 'Fallow');
 INSERT INTO VEHICLE_INVENTORY VALUE(44510396705656350, 1009, '20060301', 4124, 4757.18);
 INSERT INTO VEHICLE VALUE(23872127168654080, 'Jensen', 'Alpina B7', 'Luxury', 1984, 60598, 'Blue Sapphire');
 INSERT INTO VEHICLE_INVENTORY VALUE(23872127168654080, 1007, '20030615', 14518, 22946.4);
 INSERT INTO VEHICLE VALUE(98160932279568342, 'Plymouth', 'Sierra 2500HD', 'SUV', 1978, 80257, 'North Texas Green');
 INSERT INTO VEHICLE VALUE(97275013626432510, 'Corbin', '3500', 'SUV', 1975, 124674, 'Moss Green');
 INSERT INTO VEHICLE_INVENTORY VALUE(97275013626432510, 1007, '20100604', 16094, 28972.8);
 INSERT INTO VEHICLE VALUE(24635029640670419, 'Daihatsu', 'GTO', 'SUV', 1973, 9144, 'Gray');
 INSERT INTO VEHICLE VALUE(31962466569067719, 'Smart', '4000s Quattro', 'Van', 1988, 147045, 'Celadon Green');
 INSERT INTO VEHICLE VALUE(86026581435343971, 'Rambler', 'Aura', 'Luxury', 2009, 79793, 'Brilliant Lavender');
 INSERT INTO VEHICLE_INVENTORY VALUE(86026581435343971, 1006, '20030414', 7529, 13039.2);
 INSERT INTO VEHICLE VALUE(14267783736576650, 'Corbin', 'tC', 'SUV', 1997, 145393, 'Old Rose');
 INSERT INTO VEHICLE_INVENTORY VALUE(14267783736576650, 1009, '20030810', 4732, 7915.44);
 INSERT INTO VEHICLE VALUE(33588138503417138, 'Lexus', 'CLS-Class', 'Compact', 1985, 83925, 'Brown (Web)');
 INSERT INTO VEHICLE_INVENTORY VALUE(33588138503417138, 1010, '20040013', 8555, 15363.1);
 INSERT INTO VEHICLE VALUE(11574055143122032, 'Pontiac', 'Ram Wagon B350', 'Compact', 1999, 109710, 'Ruddy Pink');
 INSERT INTO VEHICLE VALUE(13039665675001473, 'Nissan', '9000', 'SUV', 1982, 238, 'Brilliant Rose');
 INSERT INTO VEHICLE_INVENTORY VALUE(13039665675001473, 1005, '20050807', 12671, 15717.4);
 INSERT INTO VEHICLE VALUE(38206105042680920, 'Bentley', 'M-Class', 'Van', 1995, 100133, 'Electric Lavender');
 INSERT INTO VEHICLE_INVENTORY VALUE(38206105042680920, 1008, '20060522', 20908, 33310.2);
 INSERT INTO VEHICLE VALUE(92881060384465586, 'BMW', 'Camry Hybrid', 'Van', 1981, 3173, 'Cadmium Orange');
 INSERT INTO VEHICLE_INVENTORY VALUE(92881060384465586, 1010, '20051111', 17106, 26105.7);
 INSERT INTO VEHICLE VALUE(64138255181370171, 'Buick', 'Sportage', 'Truck', 1976, 15070, 'Amethyst');
 INSERT INTO VEHICLE VALUE(32672341247356209, 'Smart', 'E-Class', 'Truck', 1960, 16070, 'Columbia Blue');
 INSERT INTO VEHICLE VALUE(75750724276422728, 'Lexus', 'Q5', 'Van', 1977, 71472, 'Dark Sienna');
 INSERT INTO VEHICLE_INVENTORY VALUE(75750724276422728, 1006, '20110215', 21059, 38481.5);
 INSERT INTO VEHICLE VALUE(58603846584717676, 'Mitsubishi', 'Ram Van B350', 'Compact', 2010, 75629, 'Lilac');
 INSERT INTO VEHICLE VALUE(81583724697872644, 'Oldsmobile', 'Daytona', 'Compact', 1984, 34939, 'Pastel Gray');
 INSERT INTO VEHICLE_INVENTORY VALUE(81583724697872644, 1006, '20070721', 6492, 11799.8);
 INSERT INTO VEHICLE VALUE(18628713129762245, 'Maserati', 'Savana', 'SUV', 2010, 84785, 'International Orange (Golden Gate Bridge)');
 INSERT INTO VEHICLE VALUE(33344050566160922, 'Audi', 'Eclipse', 'Truck', 1982, 110950, 'Cyan (Process)');
 INSERT INTO VEHICLE VALUE(49196803326680918, 'Peugeot', 'C-Class', 'SUV', 1960, 5273, 'Red-Violet');
 INSERT INTO VEHICLE VALUE(33410303546387539, 'Rolls-Royce', 'Milan', 'Luxury', 2006, 43776, 'Medium Violet-Red');
 INSERT INTO VEHICLE VALUE(27854287074868709, 'Bugatti', 'A6', 'Truck', 1980, 126268, 'Medium Electric Blue');
 INSERT INTO VEHICLE_INVENTORY VALUE(27854287074868709, 1006, '20050917', 18536, 20184.9);
 INSERT INTO VEHICLE VALUE(38661126003177789, 'Dodge', 'Sigma', 'Truck', 1969, 126866, 'Blizzard Blue');
 INSERT INTO VEHICLE_INVENTORY VALUE(38661126003177789, 1006, '20070701', 7167, 13874.2);
 INSERT INTO VEHICLE VALUE(40214230439525447, 'Jeep', 'XT', 'Compact', 1976, 70536, 'Electric Lime');
 INSERT INTO VEHICLE VALUE(44448047034297924, 'Toyota', 'Rendezvous', 'Truck', 1964, 140531, 'Persian Orange');
 INSERT INTO VEHICLE_INVENTORY VALUE(44448047034297924, 1008, '20080020', 6066, 8965.12);
 INSERT INTO VEHICLE VALUE(75529921704799189, 'Ferrari', 'NX', 'Van', 1980, 41727, 'Rubine Red');
 INSERT INTO VEHICLE_INVENTORY VALUE(75529921704799189, 1006, '20040427', 18025, 33621.1);
 INSERT INTO VEHICLE VALUE(25186316889486739, 'Smart', 'Biturbo', 'Van', 1961, 146492, 'Barn Red');
 INSERT INTO VEHICLE VALUE(81341535145346868, 'Isuzu', 'Bonneville', 'Compact', 1987, 16174, 'Pastel Gray');
 INSERT INTO VEHICLE VALUE(39286330323039975, 'Renault', 'Camry Solara', 'Luxury', 1990, 59550, 'Naples Yellow');
 INSERT INTO VEHICLE VALUE(19413206092365155, 'Maserati', '80/90', 'Luxury', 2012, 23053, 'Medium Purple');
 INSERT INTO VEHICLE_INVENTORY VALUE(19413206092365155, 1008, '20060714', 19163, 35045.8);
 INSERT INTO VEHICLE VALUE(26454339844695733, 'Eagle', 'W201', 'SUV', 1979, 31347, 'Blond');
 INSERT INTO VEHICLE VALUE(08475825268197996, 'Volvo', 'Mark LT', 'Truck', 2004, 43734, 'Magnolia');
 INSERT INTO VEHICLE_INVENTORY VALUE(08475825268197996, 1003, '20071116', 14782, 26339.2);
 INSERT INTO VEHICLE VALUE(34445269021241156, 'Pontiac', 'New Beetle', 'Luxury', 1991, 92203, 'Shadow');
 INSERT INTO VEHICLE_INVENTORY VALUE(34445269021241156, 1006, '20101118', 21810, 43137.4);
 INSERT INTO VEHICLE VALUE(17230511422877443, 'Rambler', 'Suburban 2500', 'Truck', 1988, 110181, 'Electric Lavender');
 INSERT INTO VEHICLE VALUE(17683049834971829, 'Ford', 'D150', 'Van', 1970, 126105, 'Fallow');
 INSERT INTO VEHICLE_INVENTORY VALUE(17683049834971829, 1004, '20070618', 22041, 25707.9);
 INSERT INTO VEHICLE VALUE(25000887769074905, 'Plymouth', 'FCX Clarity', 'Truck', 1989, 132746, 'Inchworm');
 INSERT INTO VEHICLE_INVENTORY VALUE(25000887769074905, 1010, '20111115', 5786, 11260.5);
 INSERT INTO VEHICLE VALUE(29074371595600717, 'Jensen', 'Uplander', 'Compact', 1997, 51579, 'Dark Red');
 INSERT INTO VEHICLE VALUE(61561093928302485, 'Mercury', 'C-Class', 'Truck', 2010, 101671, 'Purple Pizzazz');
 INSERT INTO VEHICLE_INVENTORY VALUE(61561093928302485, 1004, '20040113', 6927, 11517.4);
 INSERT INTO VEHICLE VALUE(83866958001932022, 'Oldsmobile', 'SLX', 'Luxury', 1988, 62916, 'Persian Rose');
 INSERT INTO VEHICLE VALUE(57615351380437814, 'Bugatti', 'ES', 'Luxury', 2007, 58323, 'Light Fuchsia Pink');
 INSERT INTO VEHICLE VALUE(88276838824951408, 'Rolls-Royce', 'Sierra', 'Van', 1975, 79372, 'Hot Pink');
 INSERT INTO VEHICLE_INVENTORY VALUE(88276838824951408, 1005, '20100620', 11809, 18629.4);
 INSERT INTO VEHICLE VALUE(30665059794489706, 'McLaren', 'XG300', 'Luxury', 1983, 112278, 'St. Patrick Blue');
 INSERT INTO VEHICLE VALUE(01269029552437045, 'Land Rover', 'MKZ', 'Van', 1979, 96976, 'Dark Turquoise');
 INSERT INTO VEHICLE_INVENTORY VALUE(01269029552437045, 1009, '20040007', 17389, 18360.9);
 INSERT INTO VEHICLE VALUE(63305406885121254, 'Renault', 'Journey', 'Compact', 2006, 97630, 'Maize');
 INSERT INTO VEHICLE VALUE(90129163784763787, 'Volvo', '300', 'Luxury', 1988, 106641, 'Light Salmon Pink');
 INSERT INTO VEHICLE VALUE(60013009560533717, 'Morgan', 'LeBaron', 'Van', 1991, 13716, 'Msu Green');
 INSERT INTO VEHICLE_INVENTORY VALUE(60013009560533717, 1006, '20120614', 5250, 7110.81);
 INSERT INTO VEHICLE VALUE(85360292057789522, 'Hillman', 'SM', 'Truck', 1969, 144482, 'Grullo');
 INSERT INTO VEHICLE VALUE(69233986564897972, 'Infiniti', 'Neon', 'SUV', 1998, 73465, 'Light Apricot');
 INSERT INTO VEHICLE VALUE(08521122354574572, 'Lexus', 'Silhouette', 'Compact', 1992, 65759, 'Green (Color Wheel) (X11 Green)');
 INSERT INTO VEHICLE_INVENTORY VALUE(08521122354574572, 1005, '20061014', 4197, 5898.49);
 INSERT INTO VEHICLE VALUE(97468647225486763, 'Aptera', 'Tiburon', 'Truck', 1968, 93108, 'Jasmine');
 INSERT INTO VEHICLE_INVENTORY VALUE(97468647225486763, 1004, '20110503', 4473, 7715.88);
 INSERT INTO VEHICLE VALUE(29583818636965071, 'Ferrari', 'STS', 'Luxury', 2007, 127384, 'Rose Bonbon');
 INSERT INTO VEHICLE_INVENTORY VALUE(29583818636965071, 1010, '20121009', 15387, 29429);
 INSERT INTO VEHICLE VALUE(60594580959483921, 'Ford', 'Stratus', 'Van', 1995, 27979, 'Pale Chestnut');
 INSERT INTO VEHICLE VALUE(23244378998954468, 'Ram', 'Jimmy', 'SUV', 1956, 72403, 'Sand Dune');
 INSERT INTO VEHICLE_INVENTORY VALUE(23244378998954468, 1004, '20050322', 20011, 25634);
 INSERT INTO VEHICLE VALUE(25694300119788742, 'Scion', 'Brougham', 'Van', 1965, 122038, 'Debian Red');
 INSERT INTO VEHICLE_INVENTORY VALUE(25694300119788742, 1003, '20040823', 21321, 35521.7);
 INSERT INTO VEHICLE VALUE(96180046017016773, 'Alfa Romeo', 'Diamante', 'SUV', 1982, 48046, 'Cherry Blossom Pink');
 INSERT INTO VEHICLE_INVENTORY VALUE(96180046017016773, 1008, '20040625', 13709, 20194);
 INSERT INTO VEHICLE VALUE(07802480161960118, 'Chrysler', 'A4', 'SUV', 1961, 47050, 'Ball Blue');
 INSERT INTO VEHICLE VALUE(33778152077102179, 'Volkswagen', 'Sierra 1500', 'Van', 2013, 71676, 'Forest Green (Traditional)');
 INSERT INTO VEHICLE_INVENTORY VALUE(33778152077102179, 1010, '20090200', 20546, 24313);
 INSERT INTO VEHICLE VALUE(43938287458074550, 'Shelby', 'Discovery Series II', 'SUV', 1994, 73883, 'Pink Lace');
 INSERT INTO VEHICLE_INVENTORY VALUE(43938287458074550, 1002, '20121019', 15438, 20269.8);
 INSERT INTO VEHICLE VALUE(27407571724589232, 'Lamborghini', 'Coupe', 'Luxury', 1999, 12484, 'Dark Orchid');
 INSERT INTO VEHICLE VALUE(89447738539349538, 'Saab', 'SLK-Class', 'SUV', 1963, 24342, 'Celestial Blue');
 INSERT INTO VEHICLE VALUE(21753153157735356, 'Jaguar', 'Sonic', 'Truck', 1985, 112396, 'Scarlet');
 INSERT INTO VEHICLE VALUE(42990802431159864, 'Geo', 'Sierra 2500', 'Truck', 2002, 107024, 'Royal Blue (Traditional)');
 INSERT INTO VEHICLE_INVENTORY VALUE(42990802431159864, 1004, '20060927', 13290, 13630.6);
 INSERT INTO VEHICLE VALUE(70319714500589810, 'Ferrari', 'Minx Magnificent', 'Van', 1988, 32980, 'Lavender Mist');
 INSERT INTO VEHICLE_INVENTORY VALUE(70319714500589810, 1002, '20110014', 7163, 10923.6);
 INSERT INTO VEHICLE VALUE(28737115065520649, 'Porsche', 'Caravan', 'Truck', 1955, 146841, 'French Beige');
 INSERT INTO VEHICLE VALUE(59275541293675971, 'HUMMER', 'Borrego', 'SUV', 1954, 82572, 'Chamoisee');
 INSERT INTO VEHICLE_INVENTORY VALUE(59275541293675971, 1005, '20040204', 15126, 16129.6);
 INSERT INTO VEHICLE VALUE(49640456071607025, 'Toyota', 'Cobalt SS', 'Truck', 1979, 19559, 'Army Green');
 INSERT INTO VEHICLE VALUE(38313930513666760, 'Kia', 'Golf III', 'Truck', 1990, 88570, 'Green (Pigment)');
 INSERT INTO VEHICLE VALUE(89211341864624543, 'Renault', 'Rally Wagon G3500', 'SUV', 1956, 40453, 'Persian Plum');
 INSERT INTO VEHICLE VALUE(10817405943285869, 'Mercury', '300SD', 'Luxury', 1991, 81046, 'Sunglow');
 INSERT INTO VEHICLE VALUE(26886566555354594, 'Peugeot', 'Journey', 'SUV', 1993, 123518, 'Papaya Whip');
 INSERT INTO VEHICLE VALUE(57220425827057670, 'Plymouth', 'Clubman', 'SUV', 2005, 102716, 'Dark Pink');
 INSERT INTO VEHICLE_INVENTORY VALUE(57220425827057670, 1009, '20100208', 16428, 30157.5);
 INSERT INTO VEHICLE VALUE(97164853135027566, 'Mitsubishi', 'NV1500', 'SUV', 1954, 69547, 'Pearly Purple');
 INSERT INTO VEHICLE_INVENTORY VALUE(97164853135027566, 1005, '20091006', 16461, 20067.1);
 INSERT INTO VEHICLE VALUE(25552529331994025, 'Rolls-Royce', 'IPL G', 'Compact', 1988, 23905, 'Fallow');
 INSERT INTO VEHICLE_INVENTORY VALUE(25552529331994025, 1005, '20090027', 13934, 26519.9);
 INSERT INTO VEHICLE VALUE(17103733859090504, 'Bugatti', 'Outlook', 'Luxury', 2012, 119676, 'Light Coral');
 INSERT INTO VEHICLE VALUE(76496946724000072, 'Plymouth', 'Accord', 'Truck', 1985, 30800, 'Iris');
 INSERT INTO VEHICLE VALUE(90513525944771442, 'FIAT', 'Sprinter 3500', 'Truck', 2011, 106187, 'Black Olive');
 INSERT INTO VEHICLE_INVENTORY VALUE(90513525944771442, 1007, '20030023', 13172, 17450.9);
 INSERT INTO VEHICLE VALUE(76165424988425823, 'Spyker Cars', '280ZX', 'SUV', 2008, 45744, 'Caribbean Green');
 INSERT INTO VEHICLE VALUE(83799804137589972, 'Panoz', 'NX', 'Luxury', 1973, 134010, 'Persian Rose');
 INSERT INTO VEHICLE VALUE(59664708059424531, 'Spyker', 'Mazda5', 'SUV', 1959, 129647, 'Beige');
 INSERT INTO VEHICLE_INVENTORY VALUE(59664708059424531, 1001, '20110006', 8184, 15888.3);
 INSERT INTO VEHICLE VALUE(46166728216313664, 'Lincoln', 'NX', 'SUV', 2007, 6178, 'Apple Green');
 INSERT INTO VEHICLE_INVENTORY VALUE(46166728216313664, 1006, '20120208', 9288, 17993);
 INSERT INTO VEHICLE VALUE(54461663947230060, 'Honda', 'Cordia', 'Truck', 1991, 32141, 'Antique Fuchsia');
 INSERT INTO VEHICLE_INVENTORY VALUE(54461663947230060, 1006, '20031000', 5513, 7811.64);
 INSERT INTO VEHICLE VALUE(25525366162956268, 'Lamborghini', 'Camry Solara', 'Compact', 1979, 48437, 'Brown (Web)');
 INSERT INTO VEHICLE VALUE(68933728493153848, 'Rambler', 'Venza', 'SUV', 1987, 62416, 'Hooker Green');
 INSERT INTO VEHICLE VALUE(11615568237316573, 'Hyundai', 'Civic', 'Truck', 2007, 38651, 'Moss Green');
 INSERT INTO VEHICLE VALUE(32436646638763611, 'Smart', 'K5 Blazer', 'Truck', 2013, 50380, 'Dark Jungle Green');
 INSERT INTO VEHICLE VALUE(90691334324423374, 'Austin', 'Gran Sport', 'Van', 2010, 2960, 'Nadeshiko Pink');
 INSERT INTO VEHICLE VALUE(11826958968649420, 'Jensen', 'Expedition EL', 'SUV', 2009, 105338, 'Pink-Orange');
 INSERT INTO VEHICLE_INVENTORY VALUE(11826958968649420, 1007, '20050924', 13574, 25668.8);
 INSERT INTO VEHICLE VALUE(82120753136652740, 'Corbin', 'D350 Club', 'Truck', 1964, 69475, 'Light Brown');
 INSERT INTO VEHICLE_INVENTORY VALUE(82120753136652740, 1002, '20091012', 12737, 15793);
 INSERT INTO VEHICLE VALUE(13038879705410332, 'Lamborghini', 'HHR Panel', 'Compact', 1986, 135328, 'Quartz');
 INSERT INTO VEHICLE_INVENTORY VALUE(13038879705410332, 1010, '20050316', 10846, 20088.9);
 INSERT INTO VEHICLE VALUE(75867283491692545, 'Renault', 'Omni', 'Van', 2010, 143132, 'Medium Orchid');
 INSERT INTO VEHICLE_INVENTORY VALUE(75867283491692545, 1001, '20110400', 21979, 25711.1);
 INSERT INTO VEHICLE VALUE(99444758236800703, 'Morgan', 'CR-X', 'Truck', 1975, 20189, 'Teal');
 INSERT INTO VEHICLE VALUE(26547311583951137, 'Panoz', 'Prelude', 'Van', 2013, 67429, 'Teal');
 INSERT INTO VEHICLE VALUE(68053349298454964, 'Daewoo', 'S5', 'Luxury', 1972, 51569, 'Pine Green');
 INSERT INTO VEHICLE_INVENTORY VALUE(68053349298454964, 1003, '20080200', 9013, 11891.4);
 INSERT INTO VEHICLE VALUE(30963552023466519, 'Acura', 'B-Series Plus', 'Van', 2005, 16224, 'Green (Munsell)');
 INSERT INTO VEHICLE VALUE(42538048800968712, 'Bentley', 'Routan', 'Luxury', 1970, 38238, 'Ginger');
 INSERT INTO VEHICLE_INVENTORY VALUE(42538048800968712, 1003, '20070305', 8630, 17165.9);
 INSERT INTO VEHICLE VALUE(35348831548640383, 'Merkur', 'Savana', 'Luxury', 1957, 26011, 'Antique Brass');
 INSERT INTO VEHICLE_INVENTORY VALUE(35348831548640383, 1010, '20040410', 3570, 5497.03);
 INSERT INTO VEHICLE VALUE(22075443173892355, 'Ram', 'RS4', 'Compact', 1978, 112548, 'Light Cyan');
 INSERT INTO VEHICLE_INVENTORY VALUE(22075443173892355, 1002, '20040411', 16935, 17631.5);
 INSERT INTO VEHICLE VALUE(35098615322078726, 'Subaru', 'Civic Si', 'SUV', 1979, 80833, 'Tangelo');
 INSERT INTO VEHICLE_INVENTORY VALUE(35098615322078726, 1005, '20070922', 15907, 23836.5);
 INSERT INTO VEHICLE VALUE(40165141393221872, 'Infiniti', 'Firebird', 'Van', 1962, 66175, 'Medium Lavender Magenta');
 INSERT INTO VEHICLE_INVENTORY VALUE(40165141393221872, 1003, '20120907', 8303, 14708);
 INSERT INTO VEHICLE VALUE(51773820179779711, 'FIAT', 'SJ 410', 'Compact', 1955, 61465, 'Peru');
 INSERT INTO VEHICLE VALUE(61236750110653421, 'Nissan', 'Caravan', 'Luxury', 1993, 61013, 'Slate Blue');
 INSERT INTO VEHICLE VALUE(18455434995036721, 'Holden', 'W126', 'Compact', 1970, 21559, 'Lapis Lazuli');
 INSERT INTO VEHICLE_INVENTORY VALUE(18455434995036721, 1002, '20040819', 6210, 7254.26);
 INSERT INTO VEHICLE VALUE(57636640916548357, 'Renault', 'Esperante', 'Luxury', 1973, 76147, 'Brown (Web)');
 INSERT INTO VEHICLE VALUE(18562734225491892, 'Fairthorpe', 'Custom Cruiser', 'Compact', 1978, 104539, 'Hollywood Cerise');
 INSERT INTO VEHICLE_INVENTORY VALUE(18562734225491892, 1006, '20120513', 14576, 24516.8);
 INSERT INTO VEHICLE VALUE(70011097390967620, 'Rambler', 'CTS-V', 'Compact', 1968, 87534, 'Royal Blue (Web)');
 INSERT INTO VEHICLE VALUE(95736477832724378, 'Audi', 'Escalade EXT', 'Compact', 1961, 120636, 'La Salle Green');
 INSERT INTO VEHICLE_INVENTORY VALUE(95736477832724378, 1010, '20080015', 17068, 25037.3);
 INSERT INTO VEHICLE VALUE(63534418803892244, 'Lotus', 'NV1500', 'Luxury', 1984, 50597, 'Mustard');
 INSERT INTO VEHICLE_INVENTORY VALUE(63534418803892244, 1002, '20070720', 20410, 39730);
 INSERT INTO VEHICLE VALUE(13276010601512043, 'Nissan', 'Daewoo Kalos', 'Van', 1970, 144786, 'Golden Poppy');
 INSERT INTO VEHICLE VALUE(66616141264162455, 'Smart', 'Axiom', 'Truck', 1992, 61749, 'Light Red Ochre');
 INSERT INTO VEHICLE VALUE(70829302419082424, 'Alfa Romeo', 'A8', 'Van', 1965, 94809, 'Blond');
 INSERT INTO VEHICLE_INVENTORY VALUE(70829302419082424, 1001, '20100909', 20870, 32354);
 INSERT INTO VEHICLE VALUE(45249938506647948, 'Porsche', 'H3T', 'Luxury', 1970, 75827, 'Royal Blue (Web)');
 INSERT INTO VEHICLE VALUE(70404264571411225, 'Aptera', 'Country', 'Truck', 1978, 44891, 'Cotton Candy');
 INSERT INTO VEHICLE VALUE(15335824467513817, 'Shelby', 'CL', 'SUV', 2008, 49585, 'Hunter Green');
 INSERT INTO VEHICLE VALUE(94519185411947481, 'Land Rover', 'Quattro', 'SUV', 1960, 67252, 'Sacramento State Green');
 INSERT INTO VEHICLE_INVENTORY VALUE(94519185411947481, 1002, '20090425', 10468, 13245.3);
 INSERT INTO VEHICLE VALUE(45909155616588673, 'MINI', 'DTS', 'SUV', 2009, 126048, 'Firebrick');
 INSERT INTO VEHICLE VALUE(40920439046623641, 'Infiniti', 'Clubman', 'Luxury', 1971, 23829, 'Electric Green');
 INSERT INTO VEHICLE VALUE(82494745586619016, 'Daihatsu', 'G25', 'Luxury', 1984, 133347, 'Arsenic');
 INSERT INTO VEHICLE_INVENTORY VALUE(82494745586619016, 1003, '20040723', 9532, 17428.9);
 INSERT INTO VEHICLE VALUE(73806944554496879, 'McLaren', 'Evora', 'Compact', 1969, 149754, 'Indigo');
 INSERT INTO VEHICLE VALUE(28773653565282787, 'Jensen', 'Land Cruiser', 'Truck', 1987, 143158, 'Coffee');
 INSERT INTO VEHICLE_INVENTORY VALUE(28773653565282787, 1010, '20090915', 8902, 16958.5);
 INSERT INTO VEHICLE VALUE(82666716105779012, 'Dodge', '57', 'Van', 1973, 103282, 'Dark Salmon');
 INSERT INTO VEHICLE_INVENTORY VALUE(82666716105779012, 1009, '20040010', 11620, 18204.8);
 INSERT INTO VEHICLE VALUE(39133907420531070, 'Volvo', '760', 'Van', 1978, 44628, 'Deep Coffee');
 INSERT INTO VEHICLE VALUE(26185848369840501, 'Morgan', 'Blackwood', 'Truck', 1967, 138000, 'Russet');
 INSERT INTO VEHICLE_INVENTORY VALUE(26185848369840501, 1003, '20110220', 9316, 14103.7);
 INSERT INTO VEHICLE VALUE(80153864519154703, 'Volvo', 'Crosstour', 'Truck', 1965, 21833, 'Electric Lavender');
 INSERT INTO VEHICLE_INVENTORY VALUE(80153864519154703, 1008, '20030603', 11112, 14842);
 INSERT INTO VEHICLE VALUE(16282966988737886, 'Hillman', 'Daewoo Magnus', 'SUV', 2006, 83639, 'Red');
 INSERT INTO VEHICLE_INVENTORY VALUE(16282966988737886, 1005, '20030624', 9418, 18012.9);
 INSERT INTO VEHICLE VALUE(30364329184859555, 'Isuzu', 'Expo', 'Compact', 1987, 129316, 'Cerulean Frost');
 INSERT INTO VEHICLE_INVENTORY VALUE(30364329184859555, 1001, '20091015', 14695, 21872.5);
 INSERT INTO VEHICLE VALUE(10579292202489447, 'Rolls-Royce', 'Freestyle', 'Truck', 2009, 23071, 'Rich Carmine');
 INSERT INTO VEHICLE_INVENTORY VALUE(10579292202489447, 1006, '20050007', 17065, 23829.9);
 INSERT INTO VEHICLE VALUE(37100718719833438, 'Holden', 'Continental Flying Spur', 'SUV', 1973, 131499, 'Tangerine');
 INSERT INTO VEHICLE_INVENTORY VALUE(37100718719833438, 1010, '20070817', 10936, 15909.5);
 INSERT INTO VEHICLE VALUE(14168614755511127, 'Ram', 'Model T', 'Truck', 1959, 88358, 'Icterine');
 INSERT INTO VEHICLE_INVENTORY VALUE(14168614755511127, 1001, '20110814', 12285, 13678.4);
 INSERT INTO VEHICLE VALUE(37052732209189539, 'Buick', 'CX-7', 'SUV', 1988, 66013, 'Teal Blue');
 INSERT INTO VEHICLE VALUE(20399679002169664, 'Bentley', 'Sienna', 'Luxury', 1962, 45121, 'Carrot Orange');
 INSERT INTO VEHICLE VALUE(63570265896046887, 'Austin', 'Ram Van 2500', 'SUV', 1993, 1006, 'Ou Crimson Red');
 INSERT INTO VEHICLE VALUE(35823578422296407, 'Lotus', 'Tercel', 'Compact', 1995, 16624, 'Light Red Ochre');
 INSERT INTO VEHICLE VALUE(94706117202640266, 'Jaguar', 'Equinox', 'Luxury', 2001, 92579, 'Eggplant');
 INSERT INTO VEHICLE VALUE(61410432021775889, 'Studebaker', 'Colt', 'Compact', 1972, 20881, 'Ou Crimson Red');
 INSERT INTO VEHICLE_INVENTORY VALUE(61410432021775889, 1008, '20050412', 15414, 25317.7);
 INSERT INTO VEHICLE VALUE(66363068945469873, 'Oldsmobile', '2500 Club Coupe', 'Truck', 2003, 32081, 'Deep Champagne');
 INSERT INTO VEHICLE_INVENTORY VALUE(66363068945469873, 1007, '20120311', 19570, 25792.2);
 INSERT INTO VEHICLE VALUE(97998743970321728, 'Oldsmobile', 'Explorer Sport', 'Van', 1955, 100483, 'Black');
 INSERT INTO VEHICLE VALUE(11923018579575027, 'Peugeot', 'i-370', 'Van', 2009, 143816, 'Magic Mint');
 INSERT INTO VEHICLE_INVENTORY VALUE(11923018579575027, 1005, '20060011', 18382, 34476.3);
 INSERT INTO VEHICLE VALUE(49059491681254016, 'Lexus', 'LR3', 'Van', 1965, 49706, 'Banana Mania');
 INSERT INTO VEHICLE VALUE(81015488959662424, 'Peugeot', '300M', 'Compact', 1992, 93297, 'Purple (Munsell)');
 INSERT INTO VEHICLE_INVENTORY VALUE(81015488959662424, 1007, '20041006', 6036, 11096.8);
 INSERT INTO VEHICLE VALUE(46077163116780214, 'Renault', 'Sundance', 'Luxury', 1954, 27561, 'Flax');
 INSERT INTO VEHICLE_INVENTORY VALUE(46077163116780214, 1009, '20120514', 20682, 27702.7);
 INSERT INTO VEHICLE VALUE(45868899748479875, 'Morgan', '57S', 'Truck', 1987, 78681, 'Brown (Web)');
 INSERT INTO VEHICLE VALUE(49954303394067347, 'Infiniti', 'Topaz', 'Truck', 1984, 136539, 'Glitter');
 INSERT INTO VEHICLE VALUE(23456659061359552, 'Hillman', 'Patriot', 'Van', 1989, 125530, 'Pakistan Green');
 INSERT INTO VEHICLE VALUE(08570728754057320, 'GMC', 'B-Series Plus', 'Compact', 1976, 83107, 'Flamingo Pink');
 INSERT INTO VEHICLE_INVENTORY VALUE(08570728754057320, 1008, '20110904', 11971, 21321.5);
 INSERT INTO VEHICLE VALUE(79197571437063360, 'Fairthorpe', 'G3', 'Luxury', 2008, 123399, 'Caribbean Green');
 INSERT INTO VEHICLE VALUE(79378236866593941, 'Hillman', 'Lancer', 'Compact', 1968, 101894, 'Papaya Whip');
 INSERT INTO VEHICLE_INVENTORY VALUE(79378236866593941, 1008, '20050502', 6171, 11598.6);
 INSERT INTO VEHICLE VALUE(38729837972658810, 'Smart', 'Precis', 'Truck', 1974, 44250, 'Deep Fuchsia');
 INSERT INTO VEHICLE VALUE(76059853332035912, 'Chevrolet', 'Regal', 'Van', 1976, 16117, 'Ochre');
 INSERT INTO VEHICLE VALUE(49004509343752906, 'Aptera', 'GT', 'SUV', 1994, 22373, 'Sangria');
 INSERT INTO VEHICLE_INVENTORY VALUE(49004509343752906, 1001, '20100414', 10913, 19638);
 INSERT INTO VEHICLE VALUE(71253571269773187, 'Jaguar', 'J', 'Luxury', 2006, 39896, 'Dark Red');
 INSERT INTO VEHICLE VALUE(24392345067689303, 'Corbin', 'Cirrus', 'Van', 1955, 30398, 'Blue (Munsell)');
 INSERT INTO VEHICLE_INVENTORY VALUE(24392345067689303, 1005, '20070408', 11703, 13882.5);
 INSERT INTO VEHICLE VALUE(52582089114773172, 'Merkur', '300TE', 'Van', 1963, 113477, 'Persimmon');
 INSERT INTO VEHICLE_INVENTORY VALUE(52582089114773172, 1002, '20120226', 20267, 20311.2);
 INSERT INTO VEHICLE VALUE(49253831797582665, 'Volkswagen', 'Typ-1', 'SUV', 1959, 35555, 'Carmine Red');
 INSERT INTO VEHICLE_INVENTORY VALUE(49253831797582665, 1007, '20110016', 22378, 40133.6);
 INSERT INTO VEHICLE VALUE(50504220473990587, 'HUMMER', 'Electra', 'Luxury', 1965, 68177, 'Pale Spring Bud');
 INSERT INTO VEHICLE_INVENTORY VALUE(50504220473990587, 1009, '20090913', 10825, 12376);
 INSERT INTO VEHICLE VALUE(60654406556307657, 'Rolls-Royce', 'Grand Voyager', 'Compact', 1988, 143824, 'Dark Byzantium');
 INSERT INTO VEHICLE_INVENTORY VALUE(60654406556307657, 1005, '20100311', 16856, 20267.8);
 INSERT INTO VEHICLE VALUE(44829343545852150, 'Chrysler', 'Terrain', 'Truck', 2004, 12127, 'Antique Brass');
 INSERT INTO VEHICLE_INVENTORY VALUE(44829343545852150, 1004, '20121125', 6087, 8287.01);
 INSERT INTO VEHICLE VALUE(25166381275169886, 'Rambler', 'Monte Carlo', 'Truck', 1971, 52500, 'Salmon Pink');
 INSERT INTO VEHICLE_INVENTORY VALUE(25166381275169886, 1003, '20120327', 3663, 6394.35);
 INSERT INTO VEHICLE VALUE(85517327736178162, 'Geo', '430', 'Van', 1997, 80382, 'Apple Green');
 INSERT INTO VEHICLE_INVENTORY VALUE(85517327736178162, 1002, '20070808', 3736, 7134.96);
 INSERT INTO VEHICLE VALUE(22731504289728561, 'Studebaker', 'CX-7', 'Truck', 1964, 63938, 'Puce');
 INSERT INTO VEHICLE_INVENTORY VALUE(22731504289728561, 1002, '20080526', 5756, 6772.5);
 INSERT INTO VEHICLE VALUE(11681744965457353, 'MINI', '57', 'SUV', 2011, 134139, 'Pink');
 INSERT INTO VEHICLE VALUE(59826324401490036, 'Rambler', '200', 'Van', 1961, 71600, 'Fluorescent Yellow');
 INSERT INTO VEHICLE VALUE(24550487150415623, 'Nissan', '4000CS Quattro', 'Luxury', 1995, 77409, 'Blue-Green');
 INSERT INTO VEHICLE VALUE(84838560640728451, 'Saab', 'Murciélago', 'Luxury', 1992, 105910, 'Maya Blue');
 INSERT INTO VEHICLE VALUE(05691251502828637, 'Infiniti', 'XK', 'Luxury', 1955, 86472, 'Deep Chestnut');
 INSERT INTO VEHICLE VALUE(95411873729534118, 'Mercury', 'Rio5', 'Truck', 1976, 3460, 'Limerick');
 INSERT INTO VEHICLE VALUE(24022701457481743, 'Audi', 'Neon', 'SUV', 1990, 123160, 'Misty Rose');
 INSERT INTO VEHICLE VALUE(66398234701072562, 'Maybach', 'Miata MX-5', 'Van', 1962, 45077, 'Medium Spring Bud');
 INSERT INTO VEHICLE_INVENTORY VALUE(66398234701072562, 1010, '20060209', 6268, 9866.03);
 INSERT INTO VEHICLE VALUE(98082658625308683, 'Oldsmobile', 'Sky', 'SUV', 1964, 4017, 'Cerulean Blue');
 INSERT INTO VEHICLE VALUE(18204672065204309, 'Jaguar', 'Matrix', 'Luxury', 1988, 13064, 'Boston University Red');
 INSERT INTO VEHICLE VALUE(46487725010659904, 'Infiniti', 'Prius v', 'Compact', 1989, 18556, 'Light Goldenrod Yellow');
 INSERT INTO VEHICLE VALUE(59977400621156640, 'Studebaker', 'Armada', 'SUV', 1966, 467, 'Dark Electric Blue');
 INSERT INTO VEHICLE_INVENTORY VALUE(59977400621156640, 1010, '20120226', 6653, 6889.17);
 INSERT INTO VEHICLE VALUE(17147189211034484, 'MG', 'F350', 'SUV', 2001, 147109, 'Light Cyan');
 INSERT INTO VEHICLE VALUE(61548419070075617, 'Pontiac', 'Xtra', 'Luxury', 1985, 114935, 'Salmon');
 INSERT INTO VEHICLE VALUE(80123352986955375, 'Scion', 'Town & Country', 'SUV', 1985, 87560, 'Papaya Whip');
 INSERT INTO VEHICLE VALUE(20219349980337829, 'Scion', 'Elantra', 'SUV', 1957, 127316, 'Rich Lavender');
 INSERT INTO VEHICLE VALUE(45812291724319792, 'Eagle', 'Continental GT', 'Truck', 1955, 143231, 'Rich Brilliant Lavender');
 INSERT INTO VEHICLE_INVENTORY VALUE(45812291724319792, 1010, '20100104', 9129, 16463.1);
 INSERT INTO VEHICLE VALUE(91236216666479023, 'Mazda', '911', 'Compact', 1995, 32992, 'Limerick');
 INSERT INTO VEHICLE_INVENTORY VALUE(91236216666479023, 1004, '20041102', 10212, 17605.7);
 INSERT INTO VEHICLE VALUE(24701441193510389, 'Volkswagen', 'iQ', 'Luxury', 1959, 94904, 'Fuchsia (Crayola)');
 INSERT INTO VEHICLE VALUE(73331806907182909, 'Lotus', 'S8', 'Truck', 1989, 55525, 'Candy Apple Red');
 INSERT INTO VEHICLE VALUE(07091954179302662, 'Lexus', 'A7', 'Compact', 1974, 47670, 'Red-Brown');
 INSERT INTO VEHICLE VALUE(38634167721050041, 'FIAT', 'CL65 AMG', 'Compact', 1964, 76799, 'Davy Grey');
 INSERT INTO VEHICLE_INVENTORY VALUE(38634167721050041, 1003, '20050114', 15759, 28241);
 INSERT INTO VEHICLE VALUE(47569586327844768, 'Rambler', 'Discovery Series II', 'SUV', 1987, 142161, 'Mustard');
 INSERT INTO VEHICLE_INVENTORY VALUE(47569586327844768, 1009, '20121002', 4297, 5651.98);
 INSERT INTO VEHICLE VALUE(41004311545782226, 'Saab', 'Precis', 'SUV', 1986, 125953, 'Copper');
 INSERT INTO VEHICLE_INVENTORY VALUE(41004311545782226, 1002, '20110619', 7301, 9197.75);
 INSERT INTO VEHICLE VALUE(33025009904313094, 'Bentley', 'Fusion', 'Van', 1967, 82034, 'Fluorescent Yellow');
 INSERT INTO VEHICLE VALUE(75810068731113153, 'Mercedes-Benz', '80/90', 'Luxury', 1977, 135435, 'Cocoa Brown');
 INSERT INTO VEHICLE VALUE(29445323696776307, 'Maserati', 'H3T', 'SUV', 2006, 52501, 'Jungle Green');
 INSERT INTO VEHICLE_INVENTORY VALUE(29445323696776307, 1002, '20030020', 15343, 24188.5);
 INSERT INTO VEHICLE VALUE(44535465445255423, 'Rolls-Royce', '5 Series', 'Luxury', 2000, 148775, 'Fuchsia Pink');
 INSERT INTO VEHICLE VALUE(60044060266754847, 'Austin', 'SC', 'Van', 1986, 117986, 'Ball Blue');
 INSERT INTO VEHICLE_INVENTORY VALUE(60044060266754847, 1007, '20061122', 14462, 21530.1);
 INSERT INTO VEHICLE VALUE(71726472266596745, 'Chevrolet', 'Zephyr', 'Van', 1967, 79970, 'Pumpkin');
 INSERT INTO VEHICLE VALUE(61852157573971871, 'Mercury', 'S90', 'Van', 2010, 85856, 'Tea Rose (Orange)');
 INSERT INTO VEHICLE VALUE(36171172222112736, 'Aston Martin', 'Equator', 'Van', 1995, 49764, 'Ruddy Brown');
 INSERT INTO VEHICLE_INVENTORY VALUE(36171172222112736, 1002, '20060815', 19101, 21801.5);
 INSERT INTO VEHICLE VALUE(90990241231878939, 'Bugatti', 'EV1', 'Van', 1993, 21014, 'Cool Grey');
 INSERT INTO VEHICLE VALUE(87766541471170887, 'Holden', '98', 'Luxury', 1964, 114974, 'Dandelion');
 INSERT INTO VEHICLE VALUE(90257837462514309, 'Renault', 'Nubira', 'Compact', 2008, 139976, 'Cardinal');
 INSERT INTO VEHICLE VALUE(04122827145409745, 'Bugatti', 'Enclave', 'SUV', 1981, 52731, 'Rackley');
 INSERT INTO VEHICLE_INVENTORY VALUE(04122827145409745, 1002, '20050406', 5291, 5857.03);
 INSERT INTO VEHICLE VALUE(79512833903663909, 'Fillmore', 'Protege', 'Van', 1985, 53648, 'Ivory');
 INSERT INTO VEHICLE VALUE(63052480847090180, 'Ford', '350Z', 'Van', 1955, 79043, 'Red-Orange');
 INSERT INTO VEHICLE VALUE(11520402891963056, 'Volvo', 'RS4', 'Truck', 2005, 125184, 'Bleu De France');
 INSERT INTO VEHICLE_INVENTORY VALUE(11520402891963056, 1002, '20120726', 12571, 20013.5);
 INSERT INTO VEHICLE VALUE(50744102560193815, 'HUMMER', 'Equinox', 'Van', 1978, 57123, 'Deep Lilac');
 INSERT INTO VEHICLE_INVENTORY VALUE(50744102560193815, 1002, '20050509', 13152, 19020.5);
 INSERT INTO VEHICLE VALUE(58098945721213516, 'Suzuki', 'Diamante', 'Luxury', 1979, 121685, 'Rufous');
 INSERT INTO VEHICLE VALUE(66502391852299324, 'Dodge', 'IS-F', 'SUV', 2006, 133383, 'Royal Azure');
 INSERT INTO VEHICLE VALUE(38391092677015082, 'Aptera', 'Fairlane', 'Luxury', 1963, 68502, 'Burlywood');
 INSERT INTO VEHICLE_INVENTORY VALUE(38391092677015082, 1005, '20120309', 8871, 16616.1);
 INSERT INTO VEHICLE VALUE(05266347361161153, 'Holden', 'Coupe Quattro', 'Truck', 1969, 95973, 'Deep Champagne');
 INSERT INTO VEHICLE_INVENTORY VALUE(05266347361161153, 1005, '20030903', 9179, 9321.1);
 INSERT INTO VEHICLE VALUE(15464519597585085, 'Tesla', 'V70', 'SUV', 1998, 13369, 'Light Blue');
 INSERT INTO VEHICLE VALUE(60641822132945023, 'Jeep', 'Land Cruiser', 'Luxury', 2005, 118021, 'Asparagus');
 INSERT INTO VEHICLE VALUE(17806744996225182, 'Morgan', 'Mighty Max Macro', 'Compact', 2010, 67301, 'Electric Crimson');
 INSERT INTO VEHICLE_INVENTORY VALUE(17806744996225182, 1008, '20060209', 8948, 16970.1);
 INSERT INTO VEHICLE VALUE(33160225694462633, 'Pontiac', '90', 'Van', 1981, 86963, 'Dark Pastel Purple');
 INSERT INTO VEHICLE VALUE(41605670637924257, 'Saab', 'Caliber', 'Truck', 1997, 9517, 'Blue (Crayola)');
 INSERT INTO VEHICLE_INVENTORY VALUE(41605670637924257, 1009, '20050408', 19577, 26999.9);
 INSERT INTO VEHICLE VALUE(11620569575345565, 'Daewoo', 'Town & Country', 'Truck', 1959, 90078, 'Cornflower Blue');
 INSERT INTO VEHICLE_INVENTORY VALUE(11620569575345565, 1008, '20080615', 11690, 20651.1);
 INSERT INTO VEHICLE VALUE(94301223997454928, 'Mitsubishi', 'XG350', 'Truck', 1998, 27979, 'Light Blue');
 INSERT INTO VEHICLE_INVENTORY VALUE(94301223997454928, 1004, '20120625', 7043, 7914.13);
 INSERT INTO VEHICLE VALUE(45505805300282661, 'Lincoln', 'Aztek', 'SUV', 2008, 73285, 'Peach-Orange');
 INSERT INTO VEHICLE VALUE(85291033528967153, 'Pontiac', 'Outlander Sport', 'SUV', 1972, 56469, 'Guppie Green');
 INSERT INTO VEHICLE_INVENTORY VALUE(85291033528967153, 1005, '20090902', 21649, 28936.7);
 INSERT INTO VEHICLE VALUE(45265889141239689, 'Holden', 'Aries', 'Van', 2009, 79514, 'Payne Grey');
 INSERT INTO VEHICLE VALUE(93445669700934688, 'Shelby', 'L300', 'Compact', 1964, 99003, 'Arsenic');
 INSERT INTO VEHICLE VALUE(19037742492438591, 'Maserati', 'Esperante', 'Luxury', 1965, 62774, 'Lemon Chiffon');
 INSERT INTO VEHICLE VALUE(05832499172743192, 'Maybach', 'Mazda3', 'Compact', 2010, 32241, 'Midnight Blue');
 INSERT INTO VEHICLE VALUE(70442072856045292, 'Fairthorpe', '850', 'Van', 1969, 141990, 'Khaki (Html/Css) (Khaki)');
 INSERT INTO VEHICLE_INVENTORY VALUE(70442072856045292, 1009, '20120903', 13956, 17189.9);
 INSERT INTO VEHICLE VALUE(64361321932563885, 'Mercury', '928', 'Truck', 1981, 115814, 'Spring Green');
 INSERT INTO VEHICLE VALUE(37484344807892591, 'Suzuki', 'Sedona', 'Luxury', 1972, 144379, 'Fuchsia (Crayola)');
 INSERT INTO VEHICLE_INVENTORY VALUE(37484344807892591, 1010, '20090905', 20841, 25085.4);
 INSERT INTO VEHICLE VALUE(39481348635563536, 'Lincoln', 'Rally Wagon G3500', 'Truck', 1985, 126061, 'Mango Tango');
 INSERT INTO VEHICLE VALUE(37458961524127465, 'Rambler', 'S5', 'Luxury', 2004, 56716, 'International Orange (Aerospace)');
 INSERT INTO VEHICLE_INVENTORY VALUE(37458961524127465, 1010, '20121112', 9981, 10939.4);
 INSERT INTO VEHICLE VALUE(92070454982403969, 'Jaguar', 'Defender', 'Van', 1966, 90051, 'Powder Blue (Web)');
 INSERT INTO VEHICLE_INVENTORY VALUE(92070454982403969, 1002, '20121023', 17592, 19699.1);
 INSERT INTO VEHICLE VALUE(49333775741666758, 'Studebaker', 'Savana', 'Compact', 1973, 44216, 'Orange-Red');
 INSERT INTO VEHICLE VALUE(20897669215720743, 'Toyota', 'RX-8', 'SUV', 2004, 29365, 'Mantis');
 INSERT INTO VEHICLE_INVENTORY VALUE(20897669215720743, 1004, '20030223', 4696, 7267.73);
 INSERT INTO VEHICLE VALUE(92151192875314998, 'Saturn', 'Envoy', 'Van', 1994, 6746, 'Lavender Purple');
 INSERT INTO VEHICLE VALUE(14807213550978837, 'FIAT', 'CC', 'Truck', 1979, 124070, 'Halayà úBe');
 INSERT INTO VEHICLE_INVENTORY VALUE(14807213550978837, 1009, '20100506', 6845, 12779.3);
 INSERT INTO VEHICLE VALUE(96784117568724419, 'Daihatsu', 'Omni', 'Luxury', 2002, 72959, 'Mauve Taupe');
 INSERT INTO VEHICLE VALUE(71701262572280397, 'Renault', '300M', 'SUV', 1995, 113668, 'Aureolin');
 INSERT INTO VEHICLE VALUE(03723306083849123, 'Spyker', 'Range Rover', 'Luxury', 1967, 51065, 'Rose Quartz');
 INSERT INTO VEHICLE VALUE(07557542423757672, 'GMC', '600SEL', 'Luxury', 2003, 42886, 'Han Blue');
 INSERT INTO VEHICLE_INVENTORY VALUE(07557542423757672, 1002, '20090001', 21569, 33634.7);
 INSERT INTO VEHICLE VALUE(98881667127250012, 'Isuzu', 'Contour', 'Van', 1961, 50138, 'Cherry Blossom Pink');
 INSERT INTO VEHICLE VALUE(69713976370147575, 'Buick', 'V12 Vantage', 'SUV', 1957, 63408, 'Pink Lace');
 INSERT INTO VEHICLE_INVENTORY VALUE(69713976370147575, 1003, '20080317', 6330, 10873.5);
 INSERT INTO VEHICLE VALUE(40015903919479034, 'Fillmore', '4000s', 'Luxury', 1966, 18007, 'Royal Purple');
 INSERT INTO VEHICLE VALUE(69503711992517355, 'Cadillac', 'Cabriolet', 'Truck', 2010, 107070, 'Dark Sienna');
 INSERT INTO VEHICLE_INVENTORY VALUE(69503711992517355, 1007, '20081111', 3140, 5371.31);
 INSERT INTO VEHICLE VALUE(89897117602329765, 'Eagle', 'M-Class', 'Luxury', 1990, 92414, 'Copper Rose');
 INSERT INTO VEHICLE_INVENTORY VALUE(89897117602329765, 1007, '20091105', 9823, 13522.3);
 INSERT INTO VEHICLE VALUE(07421411891556732, 'Bentley', 'HHR Panel', 'Luxury', 1971, 108026, 'Lavender (Floral)');
 INSERT INTO VEHICLE_INVENTORY VALUE(07421411891556732, 1009, '20030122', 22307, 38103.1);
 INSERT INTO VEHICLE VALUE(10926841046313667, 'Lamborghini', 'Optima', 'Van', 1964, 44714, 'Chartreuse (Web)');
 INSERT INTO VEHICLE_INVENTORY VALUE(10926841046313667, 1005, '20050510', 5046, 5980.72);
 INSERT INTO VEHICLE VALUE(31802762697406878, 'FIAT', 'Silverado 2500', 'Luxury', 1958, 5525, 'Harvard Crimson');
 INSERT INTO VEHICLE VALUE(10307513709830750, 'Infiniti', '4000s', 'SUV', 1959, 106491, 'Sea Blue');
 INSERT INTO VEHICLE VALUE(82281883101583819, 'Maybach', 'Camry Hybrid', 'Compact', 2011, 95399, 'Hansa Yellow');
 INSERT INTO VEHICLE VALUE(77950018002860833, 'Volvo', 'Intrigue', 'Truck', 1983, 71712, 'Cerulean Blue');
 INSERT INTO VEHICLE_INVENTORY VALUE(77950018002860833, 1001, '20050424', 11716, 16769.1);
 INSERT INTO VEHICLE VALUE(60890744010553721, 'Fairthorpe', 'S70', 'Compact', 1977, 77985, 'Onyx');
 INSERT INTO VEHICLE VALUE(02571350170052391, 'Isuzu', 'SRX', 'Truck', 1965, 103352, 'Rosy Brown');
 INSERT INTO VEHICLE VALUE(17124650385759942, 'Lamborghini', 'Explorer Sport Trac', 'Luxury', 1967, 125447, 'Teal');
 INSERT INTO VEHICLE_INVENTORY VALUE(17124650385759942, 1007, '20110022', 15082, 25280.2);
 INSERT INTO VEHICLE VALUE(63827490373559829, 'Lamborghini', '300SL', 'Truck', 2000, 128680, 'Lavender Pink');
 INSERT INTO VEHICLE_INVENTORY VALUE(63827490373559829, 1003, '20030825', 6566, 11604.4);
 INSERT INTO VEHICLE VALUE(79318849204785086, 'Bugatti', '300M', 'SUV', 1987, 140182, 'Azure');
 INSERT INTO VEHICLE_INVENTORY VALUE(79318849204785086, 1010, '20080505', 6823, 8649.27);
 INSERT INTO VEHICLE VALUE(29200676170729464, 'Geo', '5 Series', 'Compact', 1965, 132634, 'Peach-Yellow');
 INSERT INTO VEHICLE_INVENTORY VALUE(29200676170729464, 1001, '20100303', 4884, 7778.33);
 INSERT INTO VEHICLE VALUE(15943701565624925, 'Land Rover', 'Xtra', 'Van', 1990, 96653, 'Gray (Html/Css Gray)');
 INSERT INTO VEHICLE_INVENTORY VALUE(15943701565624925, 1004, '20030711', 10067, 18563.4);
 INSERT INTO VEHICLE VALUE(08983541960984677, 'Ford', '626', 'Van', 1958, 118515, 'Old Rose');
 INSERT INTO VEHICLE_INVENTORY VALUE(08983541960984677, 1005, '20120719', 6663, 7650.2);
 INSERT INTO VEHICLE VALUE(69615427871656511, 'HUMMER', 'B-Series Plus', 'Van', 2002, 44044, 'Indigo');
 INSERT INTO VEHICLE_INVENTORY VALUE(69615427871656511, 1003, '20100327', 20973, 31386.7);
 INSERT INTO VEHICLE VALUE(76476539996058447, 'Isuzu', 'Villager', 'Luxury', 1970, 80475, 'Mode Beige');
 INSERT INTO VEHICLE VALUE(53297007662631190, 'Infiniti', 'Veyron', 'Van', 1982, 18494, 'Light Pink');
 INSERT INTO VEHICLE VALUE(76342367481881972, 'Chevrolet', 'Chariot', 'Van', 1988, 6602, 'Ball Blue');
 INSERT INTO VEHICLE_INVENTORY VALUE(76342367481881972, 1001, '20040913', 10473, 11177.1);
 INSERT INTO VEHICLE VALUE(52918193888130895, 'Shelby', 'Transit Connect', 'Compact', 2002, 68595, 'Cal Poly Green');
 INSERT INTO VEHICLE VALUE(05835171183755397, 'Acura', 'Lucerne', 'Compact', 1955, 141486, 'Gray-Asparagus');
 INSERT INTO VEHICLE_INVENTORY VALUE(05835171183755397, 1010, '20050911', 18455, 19309.5);
 INSERT INTO VEHICLE VALUE(31585206851332940, 'Volvo', '430', 'Compact', 2001, 137372, 'Lavender Blue');
 INSERT INTO VEHICLE VALUE(79692070648441179, 'Land Rover', '323', 'Truck', 1984, 105188, 'Pale Pink');
 INSERT INTO VEHICLE_INVENTORY VALUE(79692070648441179, 1005, '20110514', 14947, 23366.8);
 INSERT INTO VEHICLE VALUE(57237237386972684, 'Renault', '1 Series', 'Compact', 2009, 2851, 'Dark Blue');
 INSERT INTO VEHICLE VALUE(08754496869281053, 'Mazda', 'Concorde', 'Truck', 1990, 21635, 'Mikado Yellow');
 INSERT INTO VEHICLE VALUE(48743163787130759, 'Chevrolet', 'HED-5', 'Truck', 1963, 142255, 'Tea Green');
 INSERT INTO VEHICLE VALUE(67596978663698372, 'Ford', '350Z Roadster', 'Truck', 1968, 103804, 'Amethyst');
 INSERT INTO VEHICLE_INVENTORY VALUE(67596978663698372, 1003, '20110323', 4295, 7622.68);
 INSERT INTO VEHICLE VALUE(27897999172245959, 'Saab', 'Acadia', 'Luxury', 2003, 66090, 'Almond');
 INSERT INTO VEHICLE_INVENTORY VALUE(27897999172245959, 1009, '20080111', 8283, 11076);
 INSERT INTO VEHICLE VALUE(26628562654237343, 'Chrysler', 'Capri', 'Truck', 1974, 67028, 'Phthalo Green');
 INSERT INTO VEHICLE_INVENTORY VALUE(26628562654237343, 1006, '20050810', 18793, 24120.7);
 INSERT INTO VEHICLE VALUE(77120353107491509, 'Jensen', 'Fox', 'Van', 1958, 3689, 'Antique White');
 INSERT INTO VEHICLE VALUE(16713732477426116, 'Isuzu', 'J', 'Compact', 1977, 12333, 'Bondi Blue');
 INSERT INTO VEHICLE_INVENTORY VALUE(16713732477426116, 1009, '20120200', 4334, 8089.53);
 INSERT INTO VEHICLE VALUE(14512525484774437, 'Morgan', 'Magnum', 'Compact', 2005, 45255, 'Dark Tangerine');
 INSERT INTO VEHICLE_INVENTORY VALUE(14512525484774437, 1007, '20110804', 11500, 20552.9);
 INSERT INTO VEHICLE VALUE(05333945488176161, 'Jaguar', 'Armada', 'Luxury', 1997, 25887, 'Steel Blue');
 INSERT INTO VEHICLE VALUE(77050585989407087, 'McLaren', 'Azera', 'Van', 1956, 29041, 'Firebrick');
 INSERT INTO VEHICLE VALUE(56559057960979392, 'Saab', 'Prius', 'Truck', 1984, 18317, 'Pale Pink');
 INSERT INTO VEHICLE VALUE(69978260187527758, 'Lincoln', '400E', 'SUV', 1979, 77225, 'Fashion Fuchsia');
 INSERT INTO VEHICLE_INVENTORY VALUE(69978260187527758, 1005, '20081123', 13581, 21688.3);
 INSERT INTO VEHICLE VALUE(45775976106539475, 'Spyker', 'Ram', 'Compact', 1973, 116685, 'Light Red Ochre');
 INSERT INTO VEHICLE_INVENTORY VALUE(45775976106539475, 1009, '20090502', 18985, 22944.1);
 INSERT INTO VEHICLE VALUE(93310684408322786, 'Suzuki', 'riolet', 'Truck', 1991, 51007, 'Deep Peach');
 INSERT INTO VEHICLE VALUE(10630054569102551, 'MINI', 'Tercel', 'Van', 1984, 67609, 'Rose Ebony');
 INSERT INTO VEHICLE VALUE(72684900859057562, 'BMW', 'XLR-V', 'SUV', 1979, 30119, 'Mantis');
 INSERT INTO VEHICLE VALUE(69721262359391206, 'Spyker', 'Firebird Formula', 'Luxury', 1956, 88888, 'Cg Blue');
 INSERT INTO VEHICLE VALUE(47242044219956288, 'Spyker Cars', 'SJ 410', 'Van', 1982, 12873, 'Baby Pink');
 INSERT INTO VEHICLE VALUE(42925377046223965, 'Acura', 'ZX2', 'Van', 1973, 83479, 'Dark Red');
 INSERT INTO VEHICLE VALUE(59669384075808649, 'Rambler', 'MKZ', 'Compact', 2005, 25180, 'Blanched Almond');
 INSERT INTO VEHICLE VALUE(91239392661033373, 'Volkswagen', 'Solstice', 'SUV', 1989, 55022, 'Sacramento State Green');
 INSERT INTO VEHICLE_INVENTORY VALUE(91239392661033373, 1002, '20060007', 21980, 26082.6);
 INSERT INTO VEHICLE VALUE(77990125967369458, 'Rambler', '228', 'Truck', 2012, 94471, 'Aurometalsaurus');
 INSERT INTO VEHICLE_INVENTORY VALUE(77990125967369458, 1002, '20080915', 16073, 25402.3);
 INSERT INTO VEHICLE VALUE(04713313717730618, 'Lincoln', 'Highlander Hybrid', 'Compact', 1986, 141727, 'Green (Ncs)');
 INSERT INTO VEHICLE_INVENTORY VALUE(04713313717730618, 1003, '20030902', 2514, 3181.86);
 INSERT INTO VEHICLE VALUE(86255679131481799, 'Renault', 'Karif', 'Luxury', 1964, 50842, 'French Lilac');
 INSERT INTO VEHICLE VALUE(93332803993832758, 'Lamborghini', '190E', 'Truck', 1976, 110889, 'Mint');
 INSERT INTO VEHICLE_INVENTORY VALUE(93332803993832758, 1007, '20120827', 21271, 23934.3);
 INSERT INTO VEHICLE VALUE(90480710748084267, 'GMC', 'HHR', 'SUV', 1987, 28955, 'Copper Red');
 INSERT INTO VEHICLE_INVENTORY VALUE(90480710748084267, 1009, '20100603', 18354, 25202.7);
 INSERT INTO VEHICLE VALUE(42055359573087926, 'Jensen', 'Fairlane', 'Compact', 1993, 91012, 'Beaver');
 INSERT INTO VEHICLE_INVENTORY VALUE(42055359573087926, 1003, '20031102', 3994, 5353.48);
 INSERT INTO VEHICLE VALUE(20376012307502549, 'Hyundai', 'H3', 'Compact', 1971, 94047, 'Aureolin');
 INSERT INTO VEHICLE VALUE(97830740024585216, 'FIAT', 'Park Avenue', 'Van', 1976, 16109, 'Pastel Orange');
 INSERT INTO VEHICLE VALUE(98467357163805765, 'Kia', 'S60', 'SUV', 2007, 48374, 'Rufous');
 INSERT INTO VEHICLE VALUE(84203653326670069, 'Volvo', 'Hearse', 'Compact', 1963, 141592, 'Deep Carmine');
 INSERT INTO VEHICLE VALUE(02281486401030379, 'Buick', 'F430', 'SUV', 1982, 84792, 'Light Cyan');
 INSERT INTO VEHICLE_INVENTORY VALUE(02281486401030379, 1009, '20101107', 11746, 14358.7);
 INSERT INTO VEHICLE VALUE(29755244315299556, 'BMW', 'Jimmy', 'Van', 1955, 7143, 'Bondi Blue');
 INSERT INTO VEHICLE VALUE(62414725913113542, 'Mazda', 'Coupe', 'Van', 1989, 52245, 'Mellow Apricot');
 INSERT INTO VEHICLE VALUE(94252046022238299, 'Dodge', 'Familia', 'SUV', 1976, 10968, 'Ecru');
 INSERT INTO VEHICLE VALUE(49950709918456624, 'Kia', 'Versa', 'Truck', 1960, 127425, 'Cadmium Orange');
 INSERT INTO VEHICLE_INVENTORY VALUE(49950709918456624, 1010, '20040004', 22322, 31505.3);
 INSERT INTO VEHICLE VALUE(88545198000767792, 'Alfa Romeo', 'S-Series', 'Luxury', 1988, 4936, 'Dandelion');
 INSERT INTO VEHICLE VALUE(25721398128666473, 'Jaguar', 'G35', 'Truck', 2001, 130649, 'Crimson Glory');
 INSERT INTO VEHICLE VALUE(15450892985885770, 'Lincoln', 'iQ', 'Luxury', 2013, 92758, 'Sand');
 INSERT INTO VEHICLE VALUE(61044071368548260, 'Mercedes-Benz', 'Escalade ESV', 'Truck', 1959, 42965, 'Lapis Lazuli');
 INSERT INTO VEHICLE_INVENTORY VALUE(61044071368548260, 1008, '20030402', 20995, 36103);
 INSERT INTO VEHICLE VALUE(83068105082169843, 'Ram', 'SLS-Class', 'Van', 1963, 21704, 'Light Fuchsia Pink');
 INSERT INTO VEHICLE_INVENTORY VALUE(83068105082169843, 1010, '20070806', 14977, 28988.3);
 INSERT INTO VEHICLE VALUE(50553902779423471, 'Suzuki', 'LaCrosse', 'Van', 1966, 128813, 'International Orange (Golden Gate Bridge)');
 INSERT INTO VEHICLE_INVENTORY VALUE(50553902779423471, 1007, '20040621', 15593, 26166.3);
 INSERT INTO VEHICLE VALUE(83134161520057775, 'Volkswagen', '5000CS', 'SUV', 1983, 17304, 'Azure');
 INSERT INTO VEHICLE VALUE(90534709503268586, 'Buick', 'Vantage', 'SUV', 1992, 138465, 'Green (Color Wheel) (X11 Green)');
 INSERT INTO VEHICLE_INVENTORY VALUE(90534709503268586, 1008, '20070004', 3992, 7162.62);
 INSERT INTO VEHICLE VALUE(62530684212851129, 'BMW', 'Bonneville', 'Compact', 1963, 44905, 'Red Devil');
 INSERT INTO VEHICLE VALUE(09577713600806318, 'Geo', 'Fiero', 'Truck', 1978, 113114, 'Chocolate (Traditional)');
 INSERT INTO VEHICLE_INVENTORY VALUE(09577713600806318, 1001, '20121011', 13659, 19342.3);
 INSERT INTO VEHICLE VALUE(07260083337930339, 'Holden', '9-5', 'Van', 1959, 129680, 'Baby Pink');
 INSERT INTO VEHICLE_INVENTORY VALUE(07260083337930339, 1003, '20050410', 8218, 12997.6);
 INSERT INTO VEHICLE VALUE(48783508386767264, 'Morgan', 'Daewoo Lacetti', 'Luxury', 2006, 118842, 'Coral Pink');
 INSERT INTO VEHICLE_INVENTORY VALUE(48783508386767264, 1004, '20090517', 16316, 24230.5);
 INSERT INTO VEHICLE VALUE(11041771254626591, 'Daewoo', 'Z4 M', 'Truck', 2008, 32191, 'Blanched Almond');
 INSERT INTO VEHICLE_INVENTORY VALUE(11041771254626591, 1007, '20060512', 3976, 6525.59);
 INSERT INTO VEHICLE VALUE(71432734473424883, 'Kia', 'Pilot', 'SUV', 1984, 62796, 'Prussian Blue');
 INSERT INTO VEHICLE_INVENTORY VALUE(71432734473424883, 1009, '20060523', 20211, 32290.6);
 INSERT INTO VEHICLE VALUE(14202881611579801, 'Chrysler', '300D', 'Van', 1965, 79603, 'Ruddy Pink');
 INSERT INTO VEHICLE_INVENTORY VALUE(14202881611579801, 1003, '20040127', 16381, 25694.2);
 INSERT INTO VEHICLE VALUE(25348645635561479, 'Subaru', 'LTD', 'Truck', 1963, 93961, 'Cornflower Blue');
 INSERT INTO VEHICLE VALUE(52894709849331526, 'Peugeot', 'RS6', 'SUV', 1973, 80521, 'Mardi Gras');
 INSERT INTO VEHICLE_INVENTORY VALUE(52894709849331526, 1002, '20120701', 5361, 9565.71);
 INSERT INTO VEHICLE VALUE(49882643856060490, 'MINI', 'Tracker', 'Van', 1972, 110284, 'Light Gray');
 INSERT INTO VEHICLE_INVENTORY VALUE(49882643856060490, 1007, '20120126', 18926, 26856.4);
 INSERT INTO VEHICLE VALUE(56059027270596862, 'Holden', 'Sprinter 3500', 'Van', 1960, 96375, 'Light Coral');
 INSERT INTO VEHICLE_INVENTORY VALUE(56059027270596862, 1008, '20101023', 13498, 15096.8);
 INSERT INTO VEHICLE VALUE(37285884521443623, 'MINI', 'Alpina B7', 'SUV', 1999, 57506, 'Medium Jungle Green');
 INSERT INTO VEHICLE_INVENTORY VALUE(37285884521443623, 1006, '20080526', 4508, 8959.03);
 INSERT INTO VEHICLE VALUE(63304074336298996, 'Acura', 'Breeze', 'Compact', 1966, 125868, 'Ruddy Brown');
 INSERT INTO VEHICLE_INVENTORY VALUE(63304074336298996, 1004, '20030120', 17921, 27151.3);
 INSERT INTO VEHICLE VALUE(87068080399727325, 'Mercedes-Benz', 'Econoline E150', 'Van', 1989, 100619, 'Mardi Gras');
 INSERT INTO VEHICLE_INVENTORY VALUE(87068080399727325, 1005, '20071119', 10319, 11374.4);
 INSERT INTO VEHICLE VALUE(05497490408677291, 'Toyota', 'Beetle', 'SUV', 1974, 34227, 'Blue (Ncs)');
 INSERT INTO VEHICLE_INVENTORY VALUE(05497490408677291, 1002, '20091105', 13709, 17904.9);
 INSERT INTO VEHICLE VALUE(13272994848688702, 'Land Rover', 'Omni', 'Compact', 1986, 149310, 'Sea Green');
 INSERT INTO VEHICLE VALUE(66470547006849680, 'Merkur', 'Countryman', 'Van', 1965, 3910, 'Sapphire Blue');
 INSERT INTO VEHICLE_INVENTORY VALUE(66470547006849680, 1002, '20120301', 18716, 24814.8);
 INSERT INTO VEHICLE VALUE(19687771187506076, 'Foose', 'Passat', 'Compact', 1995, 54965, 'Spring Green');
 INSERT INTO VEHICLE VALUE(65565480135947503, 'Rolls-Royce', 'Venza', 'Van', 2012, 104733, 'Stizza');
 INSERT INTO VEHICLE_INVENTORY VALUE(65565480135947503, 1009, '20030105', 19392, 30968.7);
 INSERT INTO VEHICLE VALUE(72170531690334638, 'Spyker', 'Routan', 'Truck', 1961, 148529, 'Indigo');
 INSERT INTO VEHICLE_INVENTORY VALUE(72170531690334638, 1002, '20080101', 4479, 5060.97);
 INSERT INTO VEHICLE VALUE(79350013056845366, 'Ford', 'Equus', 'Van', 1961, 23458, 'Blush');
 INSERT INTO VEHICLE_INVENTORY VALUE(79350013056845366, 1001, '20030411', 6960, 10780.1);
 INSERT INTO VEHICLE VALUE(74562348749851063, 'Ford', 'Familia', 'Luxury', 2010, 46741, 'Dark Pastel Blue');
 INSERT INTO VEHICLE_INVENTORY VALUE(74562348749851063, 1006, '20090216', 9582, 11563.6);
 INSERT INTO VEHICLE VALUE(11499645596536636, 'Jeep', 'Touareg', 'Luxury', 1960, 35073, 'Green (Crayola)');
 INSERT INTO VEHICLE_INVENTORY VALUE(11499645596536636, 1007, '20050306', 16109, 23364.8);
 INSERT INTO VEHICLE VALUE(35398642710630965, 'GMC', 'Somerset', 'Truck', 2003, 139500, 'Tan');
 INSERT INTO VEHICLE VALUE(00850909907766143, 'Isuzu', 'IS', 'SUV', 1994, 123635, 'Rusty Red');
 INSERT INTO VEHICLE_INVENTORY VALUE(00850909907766143, 1010, '20120320', 21549, 32352.3);
 INSERT INTO VEHICLE VALUE(24687060236914754, 'Merkur', 'Trailblazer', 'Van', 2003, 19300, 'Fuchsia');
 INSERT INTO VEHICLE VALUE(62086565346928233, 'Hillman', 'Leone', 'Compact', 1960, 115503, 'French Rose');
 INSERT INTO VEHICLE VALUE(37861230805683460, 'Shelby', 'RS4', 'Compact', 1976, 7556, 'Jade');
 INSERT INTO VEHICLE_INVENTORY VALUE(37861230805683460, 1010, '20110017', 17533, 25470);
 INSERT INTO VEHICLE VALUE(27020049518582702, 'Merkur', 'Savana 2500', 'Compact', 1958, 104200, 'Deep Carrot Orange');
 INSERT INTO VEHICLE VALUE(12094437985938511, 'Daewoo', 'Daewoo Magnus', 'Compact', 1997, 102782, 'Cerulean Blue');
 INSERT INTO VEHICLE VALUE(67214897563072530, 'Studebaker', 'Azure T', 'Compact', 1983, 87409, 'Mauvelous');
 INSERT INTO VEHICLE VALUE(57039460742485692, 'Holden', 'Aero 8', 'SUV', 2013, 9341, 'Deep Pink');
 INSERT INTO VEHICLE VALUE(38072735495947995, 'Tesla', 'NSX', 'Luxury', 2006, 109237, 'Light Sea Green');
 INSERT INTO VEHICLE_INVENTORY VALUE(38072735495947995, 1002, '20081110', 15716, 29252.3);
 INSERT INTO VEHICLE VALUE(04731746480192955, 'MG', 'Rodeo', 'Compact', 1977, 46281, 'Pastel Green');
 INSERT INTO VEHICLE_INVENTORY VALUE(04731746480192955, 1007, '20110607', 21764, 42799.5);
 INSERT INTO VEHICLE VALUE(69838449457090047, 'Nissan', 'Prius Plug-in', 'Compact', 1999, 2300, 'Cadmium Orange');
 INSERT INTO VEHICLE VALUE(63621983683440707, 'Plymouth', 'Yukon XL', 'Compact', 1987, 19871, 'Rajah');
 INSERT INTO VEHICLE VALUE(24430746664103532, 'Volvo', 'Riviera', 'Truck', 1998, 81841, 'Islamic Green');
 INSERT INTO VEHICLE VALUE(06879687936578816, 'Audi', 'Escalade EXT', 'SUV', 2011, 92381, 'Iceberg');
 INSERT INTO VEHICLE_INVENTORY VALUE(06879687936578816, 1007, '20081106', 14824, 25043.7);
 INSERT INTO VEHICLE VALUE(08339173315250335, 'Rolls-Royce', '9-3', 'Compact', 1975, 48027, 'Dark Pastel Green');
 INSERT INTO VEHICLE VALUE(94094625125522376, 'Mitsubishi', 'Chariot', 'Compact', 1971, 55416, 'Laurel Green');
 INSERT INTO VEHICLE VALUE(21328481145732010, 'Renault', 'Tiguan', 'Compact', 2006, 80538, 'Pearl Aqua');
 INSERT INTO VEHICLE VALUE(97532972900740665, 'Rolls-Royce', 'Prius', 'Compact', 1992, 69666, 'Misty Rose');
 INSERT INTO VEHICLE_INVENTORY VALUE(97532972900740665, 1009, '20100905', 19307, 27128.3);
 INSERT INTO VEHICLE VALUE(35997603945319775, 'Aston Martin', 'Odyssey', 'SUV', 1992, 38506, 'Seashell');
 INSERT INTO VEHICLE VALUE(57360716446600098, 'Austin', 'Millenia', 'Truck', 1957, 5901, 'French Lime');
 INSERT INTO VEHICLE VALUE(55279056815972910, 'Audi', 'Uplander', 'Compact', 1991, 116481, 'Candy Pink');
 INSERT INTO VEHICLE_INVENTORY VALUE(55279056815972910, 1002, '20060318', 13607, 21641.1);
 INSERT INTO VEHICLE VALUE(46700508778768155, 'Buick', 'Regal', 'SUV', 1981, 79663, 'Feldgrau');
 INSERT INTO VEHICLE VALUE(76923487289386215, 'Buick', 'Cougar', 'Van', 1955, 129340, 'Dark Electric Blue');
 INSERT INTO VEHICLE_INVENTORY VALUE(76923487289386215, 1001, '20090023', 8843, 15209.9);
 INSERT INTO VEHICLE VALUE(36061719756325925, 'Chrysler', 'XL-7', 'Compact', 1993, 100548, 'Pastel Green');
 INSERT INTO VEHICLE_INVENTORY VALUE(36061719756325925, 1001, '20050013', 19037, 21406.6);
 INSERT INTO VEHICLE VALUE(67646789162759186, 'Mazda', 'LTD', 'Compact', 2001, 85375, 'Pale Aqua');
 INSERT INTO VEHICLE_INVENTORY VALUE(67646789162759186, 1009, '20030223', 10182, 20105);
 INSERT INTO VEHICLE VALUE(44244781323550511, 'Jensen', 'APV', 'Truck', 1969, 117340, 'Carmine Red');
 INSERT INTO VEHICLE VALUE(04628186517577973, 'Bugatti', 'Prius v', 'Truck', 2002, 100948, 'Screamin Green');
 INSERT INTO VEHICLE VALUE(22826269011654336, 'Buick', 'Tiburon', 'Compact', 1995, 43099, 'Dark Slate Blue');
 INSERT INTO VEHICLE VALUE(74241345317323796, 'Mazda', 'Stylus', 'SUV', 2009, 112063, 'Rich Electric Blue');
 INSERT INTO VEHICLE VALUE(64356313091950011, 'Plymouth', 'NV1500', 'SUV', 1969, 53882, 'Bright Turquoise');
 INSERT INTO VEHICLE VALUE(97536094733547781, 'Mercury', 'K5 Blazer', 'SUV', 1996, 6658, 'Purple (Html/Css)');
 INSERT INTO VEHICLE_INVENTORY VALUE(97536094733547781, 1001, '20030212', 12568, 22437.8);
 INSERT INTO VEHICLE VALUE(96075852570206822, 'Lamborghini', 'Dakota Club', 'Van', 2007, 69458, 'Medium Ruby');
 INSERT INTO VEHICLE VALUE(24167579482943437, 'Merkur', '4000', 'SUV', 1999, 96959, 'Pale Carmine');
 INSERT INTO VEHICLE_INVENTORY VALUE(24167579482943437, 1001, '20070522', 5904, 9534.43);
 INSERT INTO VEHICLE VALUE(53428222415377026, 'Corbin', 'Sonoma Club', 'Van', 2004, 127167, 'Aqua');
 INSERT INTO VEHICLE_INVENTORY VALUE(53428222415377026, 1008, '20120107', 7249, 10043.6);
 INSERT INTO VEHICLE VALUE(36172328905878369, 'Cadillac', 'Navigator', 'Compact', 1999, 119518, 'Medium Lavender Magenta');
 INSERT INTO VEHICLE_INVENTORY VALUE(36172328905878369, 1007, '20100906', 17397, 26620.9);
 INSERT INTO VEHICLE VALUE(49024983595186341, 'Fairthorpe', 'Achieva', 'Luxury', 1968, 105022, 'Deep Ruby');
 INSERT INTO VEHICLE VALUE(56424087907034140, 'Peugeot', 'Riviera', 'SUV', 1970, 138140, 'Melon');
 INSERT INTO VEHICLE VALUE(06650523329644666, 'Austin', '745', 'Van', 1957, 113308, 'Hot Pink');
 INSERT INTO VEHICLE_INVENTORY VALUE(06650523329644666, 1007, '20110513', 12078, 12219);
 INSERT INTO VEHICLE VALUE(80796417722954669, 'Rolls-Royce', 'V8', 'Van', 2013, 125098, 'Royal Blue (Traditional)');
 INSERT INTO VEHICLE VALUE(21100847663613461, 'Aptera', 'M-Class', 'Luxury', 1987, 44547, 'Puce');
 INSERT INTO VEHICLE_INVENTORY VALUE(21100847663613461, 1006, '20060107', 15440, 30709.3);
 INSERT INTO VEHICLE VALUE(22592618526084583, 'Spyker', 'Suburban 2500', 'SUV', 1993, 10787, 'Sky Magenta');
 INSERT INTO VEHICLE_INVENTORY VALUE(22592618526084583, 1009, '20030810', 12586, 19030.6);
 INSERT INTO VEHICLE VALUE(57808393738038469, 'Smart', 'RX', 'SUV', 1983, 37851, 'Pale Blue');
 INSERT INTO VEHICLE VALUE(94340411088883677, 'Subaru', 'MX-6', 'Compact', 1976, 127278, 'Olive Drab #7');
 INSERT INTO VEHICLE_INVENTORY VALUE(94340411088883677, 1009, '20120816', 2577, 3770.52);
 INSERT INTO VEHICLE VALUE(67468330331956656, 'GMC', 'Skyhawk', 'SUV', 2012, 40762, 'Brandeis Blue');
 INSERT INTO VEHICLE_INVENTORY VALUE(67468330331956656, 1006, '20070725', 13848, 21552.9);
 INSERT INTO VEHICLE VALUE(78170861196934278, 'Oldsmobile', 'Nubira', 'Compact', 2002, 130929, 'Purple Pizzazz');
 INSERT INTO VEHICLE VALUE(20293467431688210, 'Honda', 'Cube', 'Van', 1976, 33490, 'Cameo Pink');
 INSERT INTO VEHICLE VALUE(63789073161781838, 'Lexus', 'Stratus', 'Van', 1999, 18030, 'Ivory');
 INSERT INTO VEHICLE_INVENTORY VALUE(63789073161781838, 1003, '20090021', 16229, 25000.9);
 INSERT INTO VEHICLE VALUE(39107651565856623, 'Studebaker', 'Milan', 'SUV', 2002, 70356, 'Beaver');
 INSERT INTO VEHICLE_INVENTORY VALUE(39107651565856623, 1006, '20041026', 9558, 12795.2);
 INSERT INTO VEHICLE VALUE(84350529042569930, 'Alfa Romeo', 'Beretta', 'Compact', 1954, 65693, 'Mellow Apricot');
 INSERT INTO VEHICLE VALUE(14602000085397084, 'Fillmore', 'DeVille', 'Luxury', 1987, 56225, 'Orange Peel');
 INSERT INTO VEHICLE_INVENTORY VALUE(14602000085397084, 1010, '20090210', 3787, 4566.41);
 INSERT INTO VEHICLE VALUE(84373492935285366, 'Cadillac', 'CL', 'Luxury', 1961, 37139, 'Pale Silver');
 INSERT INTO VEHICLE VALUE(49456473333520217, 'Daihatsu', 'CT', 'Compact', 1995, 52698, 'Iceberg');
 INSERT INTO VEHICLE_INVENTORY VALUE(49456473333520217, 1006, '20050002', 7623, 14073.9);
 INSERT INTO VEHICLE VALUE(41024765518315360, 'Morgan', 'GranSport', 'Luxury', 1993, 96555, 'Champagne');
 INSERT INTO VEHICLE_INVENTORY VALUE(41024765518315360, 1006, '20080018', 19783, 23944.5);
 INSERT INTO VEHICLE VALUE(35737749323159399, 'Chevrolet', 'S10', 'SUV', 1961, 76088, 'Citrine');
 INSERT INTO VEHICLE VALUE(44265835602550899, 'MG', 'Familia', 'Van', 1967, 114659, 'Plum (Traditional)');
 INSERT INTO VEHICLE_INVENTORY VALUE(44265835602550899, 1009, '20060023', 7700, 11813.8);
 INSERT INTO VEHICLE VALUE(02959421392949511, 'Lexus', 'Rally Wagon G2500', 'SUV', 1965, 80662, 'Antique Brass');
 INSERT INTO VEHICLE VALUE(61665078973949956, 'Panoz', 'Alcyone SVX', 'SUV', 1995, 32996, 'Bone');
 INSERT INTO VEHICLE VALUE(68833334752650518, 'Isuzu', 'Sigma', 'Luxury', 2006, 109921, 'Sea Green');
 INSERT INTO VEHICLE_INVENTORY VALUE(68833334752650518, 1010, '20061024', 7129, 12905);
 INSERT INTO VEHICLE VALUE(94144988166515003, 'Tesla', '740', 'Compact', 1958, 25249, 'Harvest Gold');
 INSERT INTO VEHICLE VALUE(70547094128746153, 'Nissan', '928', 'Luxury', 1957, 46815, 'Raspberry Pink');
 INSERT INTO VEHICLE VALUE(39935080186423315, 'Bentley', 'Grand Prix', 'SUV', 1988, 128994, 'Rust');
 INSERT INTO VEHICLE VALUE(91991650375830115, 'Acura', 'Legacy', 'SUV', 1984, 48766, 'Electric Indigo');
 INSERT INTO VEHICLE VALUE(91296567258337769, 'FIAT', 'Sierra', 'SUV', 1985, 124474, 'June Bud');
 INSERT INTO VEHICLE VALUE(15638854919871413, 'Hyundai', 'RVR', 'Truck', 1996, 15428, 'Candy Apple Red');
 INSERT INTO VEHICLE VALUE(86547052294926558, 'Studebaker', 'Concorde', 'Compact', 1974, 74553, 'Palatinate Purple');
 INSERT INTO VEHICLE VALUE(93381022928026797, 'Hillman', 'SLK55 AMG', 'Luxury', 1957, 10674, 'Medium Champagne');
 INSERT INTO VEHICLE VALUE(96449581867695977, 'Lexus', 'Defender', 'Luxury', 2001, 148883, 'French Lilac');
 INSERT INTO VEHICLE VALUE(60866258004979634, 'Smart', 'Catera', 'Luxury', 1970, 19106, 'Orchid');
 INSERT INTO VEHICLE VALUE(57999806226554225, 'Aston Martin', 'Fillmore', 'Compact', 1998, 149861, 'Pastel Blue');
 INSERT INTO VEHICLE_INVENTORY VALUE(57999806226554225, 1008, '20071110', 7021, 11911.8);
 INSERT INTO VEHICLE VALUE(64530184842868429, 'Morgan', 'Diablo', 'Truck', 1980, 32656, 'Dark Tangerine');
 INSERT INTO VEHICLE VALUE(33001048204119359, 'Rambler', 'Maxima', 'Luxury', 2008, 15935, 'Caput Mortuum');
 INSERT INTO VEHICLE_INVENTORY VALUE(33001048204119359, 1003, '20041011', 16135, 31722.3);
 INSERT INTO VEHICLE VALUE(76175509716360830, 'Honda', 'LS Hybrid', 'SUV', 1992, 91845, 'Lemon Chiffon');
 INSERT INTO VEHICLE VALUE(61774544945877012, 'Spyker', 'Prizm', 'Luxury', 1991, 6055, 'Razzmatazz');
 INSERT INTO VEHICLE VALUE(75475455951049747, 'Alfa Romeo', 'Miata MX-5', 'Luxury', 1988, 121120, 'Jazzberry Jam');
 INSERT INTO VEHICLE VALUE(87972353059618170, 'Eagle', 'HED-5', 'Compact', 1984, 111069, 'Persian Indigo');
 INSERT INTO VEHICLE VALUE(17210913327164898, 'Spyker', 'xA', 'Truck', 2011, 12294, 'Olive Drab (Web) (Olive Drab #3)');
 INSERT INTO VEHICLE_INVENTORY VALUE(17210913327164898, 1004, '20121126', 16752, 24587.6);
 INSERT INTO VEHICLE VALUE(63071454204219784, 'GMC', '300ZX', 'Van', 1976, 65138, 'Peach-Yellow');
 INSERT INTO VEHICLE VALUE(59930185107554296, 'Spyker', 'C-Class', 'SUV', 1971, 22954, 'Carmine Pink');
 INSERT INTO VEHICLE_INVENTORY VALUE(59930185107554296, 1002, '20120119', 21860, 26011.5);
 INSERT INTO VEHICLE VALUE(77057878008282328, 'HUMMER', 'Spectra', 'Luxury', 2007, 105331, 'Coral Red');
 INSERT INTO VEHICLE VALUE(90864964244045618, 'Kia', 'X6', 'Van', 1968, 110648, 'La Salle Green');
 INSERT INTO VEHICLE VALUE(96604932975107496, 'Jeep', 'Roadster', 'Van', 2006, 88820, 'Bistre');
 INSERT INTO VEHICLE VALUE(44742654200392301, 'BMW', 'A6', 'Van', 1993, 8585, 'Cherry');
 INSERT INTO VEHICLE VALUE(17660651338837878, 'Mercury', 'Regency', 'Truck', 2004, 113956, 'Goldenrod');
 INSERT INTO VEHICLE_INVENTORY VALUE(17660651338837878, 1005, '20090518', 10816, 21573.4);
 INSERT INTO VEHICLE VALUE(07731026599485601, 'Rolls-Royce', 'Arnage', 'SUV', 1994, 133167, 'Dark Scarlet');
 INSERT INTO VEHICLE_INVENTORY VALUE(07731026599485601, 1003, '20051015', 10870, 15158.5);
 INSERT INTO VEHICLE VALUE(64137992589671069, 'Studebaker', 'F150', 'Compact', 2007, 95087, 'Dark Lavender');
 INSERT INTO VEHICLE VALUE(03162334668313745, 'Spyker', 'Sterling', 'Truck', 1993, 133367, 'Sinopia');
 INSERT INTO VEHICLE VALUE(94900753020640058, 'Fairthorpe', 'Dynasty', 'Van', 1970, 10003, 'Dark Red');
 INSERT INTO VEHICLE VALUE(32408450052001422, 'Smart', 'Quest', 'Van', 1984, 139046, 'Salmon');
 INSERT INTO VEHICLE VALUE(30386441571334473, 'Morgan', 'Alero', 'SUV', 1998, 142112, 'Phthalo Green');
 INSERT INTO VEHICLE_INVENTORY VALUE(30386441571334473, 1006, '20031108', 21770, 29246.6);
 INSERT INTO VEHICLE VALUE(24034725046355472, 'HUMMER', 'Z8', 'Compact', 1982, 104661, 'Razzle Dazzle Rose');
 INSERT INTO VEHICLE_INVENTORY VALUE(24034725046355472, 1002, '20110609', 13912, 17051);
 INSERT INTO VEHICLE VALUE(88377372373131377, 'Saab', 'Impulse', 'Luxury', 1989, 89568, 'Onyx');
 INSERT INTO VEHICLE_INVENTORY VALUE(88377372373131377, 1002, '20120214', 9148, 16639.1);
 INSERT INTO VEHICLE VALUE(14322816874828904, 'Aston Martin', 'Sterling', 'Compact', 1990, 79958, 'Guppie Green');
 INSERT INTO VEHICLE_INVENTORY VALUE(14322816874828904, 1001, '20071118', 4345, 8585.42);
 INSERT INTO VEHICLE VALUE(53297811871966670, 'Lamborghini', 'Escape', 'SUV', 1956, 144042, 'Dark Olive Green');
 INSERT INTO VEHICLE_INVENTORY VALUE(53297811871966670, 1009, '20050217', 6239, 11650.3);
 INSERT INTO VEHICLE VALUE(43163030610578033, 'Jeep', 'C70', 'Compact', 1967, 117994, 'Burnt Orange');
 INSERT INTO VEHICLE_INVENTORY VALUE(43163030610578033, 1009, '20090708', 11554, 21719);
 INSERT INTO VEHICLE VALUE(25664203923338304, 'Eagle', 'Forester', 'SUV', 1987, 117301, 'Dark Slate Blue');
 INSERT INTO VEHICLE VALUE(59482355357184623, 'Toyota', 'Expedition', 'Truck', 1966, 111118, 'Charm Pink');
 INSERT INTO VEHICLE VALUE(47841033305511474, 'Studebaker', 'XC70', 'Truck', 1975, 3231, 'International Orange (Aerospace)');
 INSERT INTO VEHICLE_INVENTORY VALUE(47841033305511474, 1007, '20030624', 4623, 7834.27);
 INSERT INTO VEHICLE VALUE(52269945033905259, 'Lotus', 'Expedition EL', 'SUV', 1987, 54711, 'Antique Ruby');
 INSERT INTO VEHICLE_INVENTORY VALUE(52269945033905259, 1009, '20080720', 11072, 14988.6);
 INSERT INTO VEHICLE VALUE(16374691406185144, 'Lotus', 'Gallardo', 'Luxury', 1985, 53600, 'Rosewood');
 INSERT INTO VEHICLE_INVENTORY VALUE(16374691406185144, 1004, '20070112', 4283, 6599.66);
 INSERT INTO VEHICLE VALUE(13695983753169940, 'Toyota', 'XJ', 'Luxury', 1989, 49433, 'Lavender Blue');
 INSERT INTO VEHICLE_INVENTORY VALUE(13695983753169940, 1001, '20040514', 16053, 28912.5);
 INSERT INTO VEHICLE VALUE(45709226544664681, 'Tesla', 'Corvair 500', 'Truck', 1967, 120712, 'Moss Green');
 INSERT INTO VEHICLE VALUE(98968951502865545, 'Bugatti', 'Rabbit', 'Luxury', 2001, 23221, 'Carrot Orange');
 INSERT INTO VEHICLE VALUE(12672658445568842, 'Shelby', '500SEC', 'Compact', 1966, 108721, 'Brown (Traditional)');
 INSERT INTO VEHICLE VALUE(59094821584012548, 'BMW', 'Mystique', 'Truck', 1957, 21886, 'Non-Photo Blue');
 INSERT INTO VEHICLE_INVENTORY VALUE(59094821584012548, 1004, '20110316', 9715, 16921.6);
 INSERT INTO VEHICLE VALUE(33066011718503589, 'Bugatti', 'Corvair', 'SUV', 1954, 103842, 'International Orange (Engineering)');
 INSERT INTO VEHICLE VALUE(48995807591779378, 'Alfa Romeo', 'STS-V', 'SUV', 1968, 1741, 'Icterine');
 INSERT INTO VEHICLE VALUE(18674109668904623, 'HUMMER', 'X-90', 'Truck', 2002, 79843, 'Raspberry Glace');
 INSERT INTO VEHICLE_INVENTORY VALUE(18674109668904623, 1002, '20120007', 16049, 29305);
 INSERT INTO VEHICLE VALUE(03676107888016506, 'Holden', 'Corolla', 'Luxury', 1959, 52339, 'Fuzzy Wuzzy');
 INSERT INTO VEHICLE VALUE(52066699835371768, 'Tesla', 'SC', 'SUV', 1963, 78802, 'Dark Electric Blue');
 INSERT INTO VEHICLE VALUE(44280192674667561, 'Shelby', 'Diamante', 'Van', 1980, 58776, 'Goldenrod');
 INSERT INTO VEHICLE_INVENTORY VALUE(44280192674667561, 1009, '20120807', 3532, 5740.74);
 INSERT INTO VEHICLE VALUE(86487654735478230, 'FIAT', 'B-Series', 'Van', 1989, 9003, 'Pale Violet-Red');
 INSERT INTO VEHICLE_INVENTORY VALUE(86487654735478230, 1007, '20050201', 3008, 5183.18);
 INSERT INTO VEHICLE VALUE(87591440519038677, 'Kia', '9-2X', 'SUV', 1976, 3310, 'Pale Goldenrod');
 INSERT INTO VEHICLE VALUE(39073940615880228, 'Land Rover', 'Mini', 'Truck', 1955, 30904, 'Carmine Pink');
 INSERT INTO VEHICLE VALUE(18771345098055782, 'Panoz', 'D250', 'Compact', 2003, 87583, 'Prussian Blue');
 INSERT INTO VEHICLE VALUE(46786004529502200, 'Fairthorpe', 'Mohave/Borrego', 'Truck', 2009, 146555, 'Malachite');
 INSERT INTO VEHICLE VALUE(69752180850276701, 'GMC', 'Justy', 'Luxury', 2013, 33008, 'Blue-Violet');
 INSERT INTO VEHICLE_INVENTORY VALUE(69752180850276701, 1001, '20100021', 15590, 24459.3);
 INSERT INTO VEHICLE VALUE(75862704832080508, 'Alfa Romeo', 'GT-R', 'Van', 1994, 107216, 'Amethyst');
 INSERT INTO VEHICLE VALUE(29932283880998183, 'Land Rover', 'Forester', 'Truck', 2007, 50260, 'Electric Blue');
 INSERT INTO VEHICLE VALUE(24081904365519341, 'Chrysler', 'Patriot', 'SUV', 1969, 49661, 'Egyptian Blue');
 INSERT INTO VEHICLE_INVENTORY VALUE(24081904365519341, 1010, '20110208', 6676, 12361.2);
 INSERT INTO VEHICLE VALUE(77675402535638236, 'Plymouth', 'X6', 'Luxury', 2007, 84159, 'Cadmium Green');
 INSERT INTO VEHICLE_INVENTORY VALUE(77675402535638236, 1006, '20060923', 14788, 23506.2);
 INSERT INTO VEHICLE VALUE(61867370045151061, 'Volvo', 'Impala', 'Compact', 1976, 64955, 'St. Patrick Blue');
 INSERT INTO VEHICLE_INVENTORY VALUE(61867370045151061, 1005, '20110206', 14973, 26423.4);
 INSERT INTO VEHICLE VALUE(06438753819750160, 'Acura', 'Firebird', 'Truck', 1993, 148703, 'Duke Blue');
 INSERT INTO VEHICLE VALUE(39721654187168058, 'Bentley', 'H2', 'Compact', 1974, 100980, 'Asparagus');
 INSERT INTO VEHICLE_INVENTORY VALUE(39721654187168058, 1006, '20110800', 7341, 8028.45);
 INSERT INTO VEHICLE VALUE(86962466398098047, 'Ram', 'Q7', 'Luxury', 1961, 101810, 'Portland Orange');
 INSERT INTO VEHICLE_INVENTORY VALUE(86962466398098047, 1003, '20041123', 11508, 11968.1);
 INSERT INTO VEHICLE VALUE(65833260278418902, 'Geo', 'BRZ', 'Compact', 1980, 131415, 'Razzmatazz');
 INSERT INTO VEHICLE_INVENTORY VALUE(65833260278418902, 1001, '20100313', 4821, 9067.38);
 INSERT INTO VEHICLE VALUE(94433304853065466, 'Cadillac', 'Space', 'Van', 1984, 74738, 'Raw Umber');
 INSERT INTO VEHICLE_INVENTORY VALUE(94433304853065466, 1003, '20100610', 6366, 6457.98);
 INSERT INTO VEHICLE VALUE(67776931011147845, 'Aston Martin', 'Amanti', 'Luxury', 1998, 71120, 'Jonquil');
 INSERT INTO VEHICLE_INVENTORY VALUE(67776931011147845, 1008, '20100408', 4985, 5467.01);
 INSERT INTO VEHICLE VALUE(93416219527989585, 'Spyker', 'Journey', 'SUV', 2003, 121992, 'Mellow Yellow');
 INSERT INTO VEHICLE VALUE(79713119991538056, 'Mitsubishi', 'Scoupe', 'SUV', 2006, 112621, 'Malachite');
 INSERT INTO VEHICLE_INVENTORY VALUE(79713119991538056, 1010, '20060220', 19364, 33383.8);
 INSERT INTO VEHICLE VALUE(66800257453310799, 'Pontiac', 'Navajo', 'Compact', 1988, 12184, 'Sandy Taupe');
 INSERT INTO VEHICLE_INVENTORY VALUE(66800257453310799, 1009, '20090421', 21924, 43533.8);
 INSERT INTO VEHICLE VALUE(66343346754483295, 'Buick', 'i-350', 'Compact', 2001, 38892, 'Pastel Red');
 INSERT INTO VEHICLE VALUE(07241130473068549, 'Tesla', 'Clubman', 'Compact', 1973, 43171, 'Black');
 INSERT INTO VEHICLE_INVENTORY VALUE(07241130473068549, 1005, '20120224', 21776, 24029.8);
 INSERT INTO VEHICLE VALUE(90103329494867543, 'Studebaker', 'Hombre', 'Van', 2002, 83018, 'Candy Apple Red');
 INSERT INTO VEHICLE VALUE(36560105232811713, 'Peugeot', 'Spectra', 'SUV', 1960, 27102, 'Deep Carmine');
 INSERT INTO VEHICLE_INVENTORY VALUE(36560105232811713, 1003, '20080305', 20229, 29581.8);
 INSERT INTO VEHICLE VALUE(33672784650574769, 'Lamborghini', 'LeSabre', 'SUV', 1960, 65207, 'Lime Green');
 INSERT INTO VEHICLE VALUE(22448446425117671, 'Studebaker', '228', 'Truck', 1974, 29469, 'Cambridge Blue');
 INSERT INTO VEHICLE VALUE(41370167076657432, 'Nissan', '300C', 'Van', 2001, 114454, 'Resolution Blue');
 INSERT INTO VEHICLE_INVENTORY VALUE(41370167076657432, 1008, '20100617', 5038, 5314.46);
 INSERT INTO VEHICLE VALUE(85641097456630633, 'Lamborghini', 'Highlander Hybrid', 'SUV', 1999, 139830, 'Pumpkin');
 INSERT INTO VEHICLE_INVENTORY VALUE(85641097456630633, 1001, '20060215', 4521, 7774.74);
 INSERT INTO VEHICLE VALUE(92020407441623027, 'Maybach', 'Lynx', 'Van', 1974, 121956, 'Dark Lava');
 INSERT INTO VEHICLE_INVENTORY VALUE(92020407441623027, 1001, '20070602', 12176, 23424.7);
 INSERT INTO VEHICLE VALUE(14863348388456517, 'Spyker', 'Veloster', 'SUV', 2009, 18921, 'Dark Khaki');
 INSERT INTO VEHICLE VALUE(80750987027640197, 'Renault', 'Riviera', 'Van', 2001, 83438, 'Gamboge');
 INSERT INTO VEHICLE_INVENTORY VALUE(80750987027640197, 1008, '20040224', 2633, 2795.02);
 INSERT INTO VEHICLE VALUE(91833002689639597, 'Saab', 'RVR', 'Truck', 1981, 57340, 'Chrome Yellow');
 INSERT INTO VEHICLE_INVENTORY VALUE(91833002689639597, 1007, '20091011', 12989, 16160.8);
 INSERT INTO VEHICLE VALUE(16536953678570886, 'Rolls-Royce', 'JUKE', 'Truck', 1961, 140349, 'Cinereous');
 INSERT INTO VEHICLE_INVENTORY VALUE(16536953678570886, 1007, '20090106', 16784, 27493.3);
 INSERT INTO VEHICLE VALUE(78642057030519569, 'Daewoo', 'Reno', 'Luxury', 1967, 53551, 'Medium Purple');
 INSERT INTO VEHICLE VALUE(14365342692989495, 'Mercedes-Benz', 'Fifth Ave', 'Luxury', 1962, 103580, 'Brilliant Rose');
 INSERT INTO VEHICLE VALUE(04229110417081774, 'Shelby', 'Mighty Max', 'SUV', 1977, 51648, 'Pastel Yellow');
 INSERT INTO VEHICLE_INVENTORY VALUE(04229110417081774, 1002, '20030621', 9698, 18643.9);
 INSERT INTO VEHICLE VALUE(54541060383393584, 'Infiniti', 'STS-V', 'Compact', 2009, 1832, 'Regalia');
 INSERT INTO VEHICLE_INVENTORY VALUE(54541060383393584, 1008, '20110824', 12347, 13199.1);
 INSERT INTO VEHICLE VALUE(71286085909128054, 'Audi', 'Eurovan', 'Truck', 2011, 137017, 'Mellow Yellow');
 INSERT INTO VEHICLE_INVENTORY VALUE(71286085909128054, 1009, '20060324', 18962, 21966.9);
 INSERT INTO VEHICLE VALUE(30195545388528349, 'Studebaker', 'Vandura G2500', 'Van', 2010, 95416, 'Pale Taupe');
 INSERT INTO VEHICLE VALUE(39368540485610337, 'Toyota', 'Ram 1500', 'Van', 1972, 97157, 'Fuchsia Rose');
 INSERT INTO VEHICLE VALUE(32387136162879886, 'Aptera', 'Ram Van 2500', 'Van', 1996, 9018, 'Moonstone Blue');
 INSERT INTO VEHICLE_INVENTORY VALUE(32387136162879886, 1005, '20070610', 6356, 11451.6);
 INSERT INTO VEHICLE VALUE(53220037807895712, 'Jaguar', 'Prizm', 'Luxury', 1972, 16734, 'Light Cyan');
 INSERT INTO VEHICLE VALUE(39330689495553172, 'FIAT', 'Touareg 2', 'Compact', 1954, 124480, 'Tangerine Yellow');
 INSERT INTO VEHICLE VALUE(13196617308935595, 'Mitsubishi', 'Acclaim', 'Van', 1996, 113427, 'Bright Pink');
 INSERT INTO VEHICLE VALUE(04407807735077814, 'Kia', 'Minx Magnificent', 'Truck', 1958, 76770, 'Mulberry');
 INSERT INTO VEHICLE_INVENTORY VALUE(04407807735077814, 1005, '20120511', 19524, 33558.6);
 INSERT INTO VEHICLE VALUE(42048057514335743, 'Buick', 'Escort ZX2', 'Compact', 1984, 105453, 'Jazzberry Jam');
 INSERT INTO VEHICLE VALUE(31688850452878826, 'Fillmore', '600SL', 'SUV', 1958, 128407, 'Dark Raspberry');
 INSERT INTO VEHICLE_INVENTORY VALUE(31688850452878826, 1010, '20090306', 4910, 6113.88);
 INSERT INTO VEHICLE VALUE(25108181807013604, 'Infiniti', 'Phantom', 'Truck', 2001, 52898, 'Palatinate Purple');
 INSERT INTO VEHICLE_INVENTORY VALUE(25108181807013604, 1007, '20030515', 3739, 4674.13);
 INSERT INTO VEHICLE VALUE(29437255172325048, 'Oldsmobile', 'Coachbuilder', 'Van', 2009, 66187, 'Bright Ube');
 INSERT INTO VEHICLE_INVENTORY VALUE(29437255172325048, 1005, '20041109', 6367, 12175.1);
 INSERT INTO VEHICLE VALUE(33281325095655309, 'Volvo', 'Supra', 'SUV', 2011, 99351, 'Carmine Red');
 INSERT INTO VEHICLE VALUE(75964900617780605, 'Rambler', 'Insight', 'Compact', 1962, 453, 'Dark Salmon');
 INSERT INTO VEHICLE_INVENTORY VALUE(75964900617780605, 1010, '20120212', 13672, 24661.6);
 INSERT INTO VEHICLE VALUE(05513756920775682, 'Plymouth', 'Cube', 'Truck', 1978, 114232, 'Indian Yellow');
 INSERT INTO VEHICLE_INVENTORY VALUE(05513756920775682, 1003, '20080706', 8184, 12556.9);
 INSERT INTO VEHICLE VALUE(82720135092464295, 'Jaguar', 'i-290', 'Truck', 1992, 11349, 'Cerulean Frost');
 INSERT INTO VEHICLE VALUE(72767623501832117, 'Studebaker', 'Ram Van 1500', 'Luxury', 1967, 113640, 'Golden Brown');
 INSERT INTO VEHICLE VALUE(14981182097871838, 'Isuzu', 'Bravada', 'Compact', 1966, 41257, 'Golden Poppy');
 INSERT INTO VEHICLE VALUE(21822143751745001, 'Merkur', '400SEL', 'SUV', 1955, 88428, 'Flamingo Pink');
 INSERT INTO VEHICLE_INVENTORY VALUE(21822143751745001, 1008, '20070415', 11487, 12236.1);
 INSERT INTO VEHICLE VALUE(47323565472062458, 'Maybach', 'Crosstour', 'Truck', 2005, 21806, 'Navy Blue');
 INSERT INTO VEHICLE_INVENTORY VALUE(47323565472062458, 1007, '20080019', 13367, 16686.3);
 INSERT INTO VEHICLE VALUE(88195839214554380, 'Kia', 'Ram', 'Compact', 1961, 50419, 'Hansa Yellow');
 INSERT INTO VEHICLE VALUE(41217091260253436, 'Eagle', 'C8 Spyder Wide Body', 'SUV', 1982, 98680, 'Dark Pastel Blue');
 INSERT INTO VEHICLE_INVENTORY VALUE(41217091260253436, 1010, '20090217', 15035, 25532.4);
 INSERT INTO VEHICLE VALUE(91513805365551557, 'Jaguar', 'Camaro', 'Truck', 1993, 36976, 'Medium Spring Green');
 INSERT INTO VEHICLE_INVENTORY VALUE(91513805365551557, 1005, '20030910', 18883, 35583.2);
 INSERT INTO VEHICLE VALUE(35859415931485607, 'Honda', 'Allante', 'Van', 2002, 141840, 'Medium Electric Blue');
 INSERT INTO VEHICLE_INVENTORY VALUE(35859415931485607, 1005, '20040606', 18197, 18801.3);
 INSERT INTO VEHICLE VALUE(91587433401984579, 'Rambler', 'Tribute', 'Truck', 2003, 23329, 'Maya Blue');
 INSERT INTO VEHICLE_INVENTORY VALUE(91587433401984579, 1002, '20080325', 7493, 13363.7);
 INSERT INTO VEHICLE VALUE(46696187243580937, 'Subaru', 'Aspen', 'Truck', 1995, 132550, 'Ku Crimson');
 INSERT INTO VEHICLE_INVENTORY VALUE(46696187243580937, 1008, '20041015', 16633, 22265.6);
 INSERT INTO VEHICLE VALUE(37199798365499013, 'Alfa Romeo', 'X-Type', 'Luxury', 2000, 91246, 'Stizza');
 INSERT INTO VEHICLE_INVENTORY VALUE(37199798365499013, 1001, '20100726', 12701, 23299);
 INSERT INTO VEHICLE VALUE(13407367187388194, 'Audi', 'Yukon Denali', 'SUV', 2008, 66435, 'New York Pink');
 INSERT INTO VEHICLE_INVENTORY VALUE(13407367187388194, 1005, '20070308', 17912, 34570.2);
 INSERT INTO VEHICLE VALUE(51821414303351890, 'Spyker Cars', 'G-Series G30', 'Compact', 1965, 73851, 'Fluorescent Orange');
 INSERT INTO VEHICLE VALUE(89786017229603897, 'Maybach', 'i-350', 'SUV', 1969, 22390, 'Moss Green');
 INSERT INTO VEHICLE_INVENTORY VALUE(89786017229603897, 1005, '20110323', 13667, 25926.6);
 INSERT INTO VEHICLE VALUE(26826690992178232, 'Mitsubishi', 'C-MAX Hybrid', 'Luxury', 1958, 102710, 'Moonstone Blue');
 INSERT INTO VEHICLE VALUE(18181652276572758, 'Fairthorpe', '300SL', 'Luxury', 1965, 1802, 'Halayà úBe');
 INSERT INTO VEHICLE VALUE(35780116448559548, 'Suzuki', 'IS-F', 'Compact', 1982, 37816, 'Cerise');
 INSERT INTO VEHICLE_INVENTORY VALUE(35780116448559548, 1010, '20100126', 8098, 10821.4);
 INSERT INTO VEHICLE VALUE(52401757241580639, 'Land Rover', '240', 'Luxury', 1987, 140970, 'Orange Peel');
 INSERT INTO VEHICLE VALUE(37452408618909964, 'Jeep', 'Volare', 'Luxury', 1966, 114134, 'Mint Green');
 INSERT INTO VEHICLE VALUE(11593899230362985, 'Hyundai', '325', 'Luxury', 1955, 72524, 'Medium Electric Blue');
 INSERT INTO VEHICLE_INVENTORY VALUE(11593899230362985, 1004, '20110721', 2921, 3913.27);
 INSERT INTO VEHICLE VALUE(53154422900100365, 'Land Rover', 'Sierra', 'Truck', 1962, 14136, 'Light Coral');
 INSERT INTO VEHICLE_INVENTORY VALUE(53154422900100365, 1001, '20070314', 6768, 7639.44);
 INSERT INTO VEHICLE VALUE(07721561415824381, 'Spyker', 'Allante', 'Luxury', 1997, 119587, 'Dark Raspberry');
 INSERT INTO VEHICLE_INVENTORY VALUE(07721561415824381, 1005, '20090503', 15842, 28140.5);
 INSERT INTO VEHICLE VALUE(15067522186428607, 'Acura', 'Nubira', 'Van', 1960, 130468, 'Lavender (Floral)');
 INSERT INTO VEHICLE_INVENTORY VALUE(15067522186428607, 1008, '20070800', 8603, 16384);
 INSERT INTO VEHICLE VALUE(57994061096384473, 'BMW', 'G37', 'SUV', 2007, 84020, 'Deep Saffron');
 INSERT INTO VEHICLE_INVENTORY VALUE(57994061096384473, 1003, '20060921', 18721, 24437.5);
 INSERT INTO VEHICLE VALUE(15781156495070451, 'Hyundai', 'LeMans', 'Truck', 1995, 4370, 'Lemon');
 INSERT INTO VEHICLE_INVENTORY VALUE(15781156495070451, 1010, '20100209', 17966, 27808.4);
 INSERT INTO VEHICLE VALUE(84616491089806953, 'McLaren', 'Amanti', 'Truck', 1960, 80460, 'Nadeshiko Pink');
 INSERT INTO VEHICLE VALUE(26994493680916699, 'Plymouth', 'Magnum', 'Truck', 1998, 92418, 'Cadmium Yellow');
 INSERT INTO VEHICLE VALUE(01071354772000253, 'Smart', 'Venture', 'SUV', 1978, 129285, 'Sapphire Blue');
 INSERT INTO VEHICLE VALUE(21377402211024676, 'Rambler', '240', 'Compact', 2010, 112984, 'Bisque');
 INSERT INTO VEHICLE VALUE(97702399262076453, 'Porsche', 'IPL G', 'Van', 1986, 43607, 'Ceil');
 INSERT INTO VEHICLE VALUE(64642058096838159, 'FIAT', 'Rogue', 'SUV', 1987, 35626, 'Red');
 INSERT INTO VEHICLE VALUE(17051269763129009, 'Panoz', 'XC90', 'Luxury', 1984, 34771, 'Rich Brilliant Lavender');
 INSERT INTO VEHICLE VALUE(37597392622052312, 'Bugatti', 'H2', 'Truck', 1991, 19495, 'Lime (Web) (X11 Green)');
 INSERT INTO VEHICLE_INVENTORY VALUE(37597392622052312, 1008, '20120725', 5303, 10151);
 INSERT INTO VEHICLE VALUE(02449219365680509, 'Mercury', 'Gemini', 'Van', 2012, 28345, 'Cobalt');
 INSERT INTO VEHICLE VALUE(83948607675247179, 'Holden', '400SE', 'SUV', 1996, 127335, 'Caribbean Green');
 INSERT INTO VEHICLE VALUE(19701335399418732, 'Audi', 'Fillmore', 'Luxury', 1960, 8980, 'Light Cyan');
 INSERT INTO VEHICLE VALUE(86877055661642716, 'Hyundai', 'E-Class', 'Luxury', 1965, 122136, 'Ball Blue');
 INSERT INTO VEHICLE VALUE(61584727079194569, 'Buick', 'CTS-V', 'Van', 1982, 70913, 'Deep Lilac');
 INSERT INTO VEHICLE_INVENTORY VALUE(61584727079194569, 1007, '20040919', 17165, 21034.8);
 INSERT INTO VEHICLE VALUE(88193339115193126, 'Mercury', 'ES', 'Luxury', 1990, 120138, 'Apple Green');
 INSERT INTO VEHICLE VALUE(09981806153067791, 'Nissan', 'Firebird', 'Van', 1956, 127554, 'Blue Gray');
 INSERT INTO VEHICLE VALUE(28315762160546160, 'Ferrari', 'G25', 'Compact', 1988, 45870, 'Lemon Lime');
 INSERT INTO VEHICLE VALUE(79907234566917667, 'Fillmore', 'Shadow', 'Compact', 1963, 86483, 'Spring Bud');
 INSERT INTO VEHICLE VALUE(22768432483145987, 'Land Rover', 'Range Rover Evoque', 'SUV', 2000, 134625, 'Medium Electric Blue');
 INSERT INTO VEHICLE VALUE(78251643574186242, 'Daihatsu', 'Five Hundred', 'Compact', 1968, 67193, 'Purple Taupe');
 INSERT INTO VEHICLE VALUE(26212426447175718, 'Lotus', '2e', 'Truck', 1955, 7558, 'Sap Green');
 INSERT INTO VEHICLE_INVENTORY VALUE(26212426447175718, 1010, '20120213', 17577, 33598.8);
 INSERT INTO VEHICLE VALUE(51613310299719623, 'McLaren', 'Explorer Sport Trac', 'Van', 1979, 124695, 'Antique Brass');
 INSERT INTO VEHICLE_INVENTORY VALUE(51613310299719623, 1006, '20110311', 16812, 30677.2);
 INSERT INTO VEHICLE VALUE(97855633252821163, 'Daihatsu', 'XJ', 'SUV', 1971, 134052, 'Firebrick');
 INSERT INTO VEHICLE_INVENTORY VALUE(97855633252821163, 1006, '20060503', 10284, 15052.2);
 INSERT INTO VEHICLE VALUE(24676326750511294, 'HUMMER', '960', 'SUV', 1994, 17374, 'Shamrock Green');
 INSERT INTO VEHICLE_INVENTORY VALUE(24676326750511294, 1009, '20060013', 3813, 5550.36);
 INSERT INTO VEHICLE VALUE(37507612909441448, 'BMW', 'Celica', 'Van', 2000, 143374, 'Ginger');
 INSERT INTO VEHICLE VALUE(60774099373827007, 'HUMMER', 'RVR', 'Compact', 1986, 56791, 'Flavescent');
 INSERT INTO VEHICLE VALUE(65698122640191176, 'Bugatti', 'X5 M', 'SUV', 1954, 18468, 'Nadeshiko Pink');
 INSERT INTO VEHICLE_INVENTORY VALUE(65698122640191176, 1003, '20070113', 19677, 32839);
 INSERT INTO VEHICLE VALUE(25473888484802373, 'Kia', 'Mazda2', 'Truck', 1966, 51859, 'Atomic Tangerine');
 INSERT INTO VEHICLE_INVENTORY VALUE(25473888484802373, 1006, '20070716', 22041, 35529.3);
 INSERT INTO VEHICLE VALUE(50953159602530910, 'Alfa Romeo', 'X6 M', 'Van', 1959, 35771, 'Davy Grey');
 INSERT INTO VEHICLE VALUE(01396946739485742, 'Saturn', 'Defender', 'Compact', 1999, 67968, 'Cadmium Orange');
 INSERT INTO VEHICLE_INVENTORY VALUE(01396946739485742, 1001, '20060523', 3651, 4222.25);
 INSERT INTO VEHICLE VALUE(81279435519633139, 'Dodge', 'Excel', 'Truck', 1993, 118014, 'Harlequin');
 INSERT INTO VEHICLE_INVENTORY VALUE(81279435519633139, 1001, '20120118', 12585, 14764.5);
 INSERT INTO VEHICLE VALUE(42716721101532527, 'Tesla', 'CC', 'Truck', 2003, 26230, 'Chocolate (Traditional)');
 INSERT INTO VEHICLE VALUE(00263464921871958, 'Aston Martin', 'Colt Vista', 'Van', 2006, 144822, 'Kenyan Copper');
 INSERT INTO VEHICLE VALUE(52776628708094451, 'HUMMER', 'XLR', 'Truck', 1957, 95241, 'Dark Slate Blue');
 INSERT INTO VEHICLE_INVENTORY VALUE(52776628708094451, 1004, '20080926', 9133, 16977.1);
 INSERT INTO VEHICLE VALUE(93238646123362912, 'Audi', '323', 'Compact', 1969, 84828, 'Princeton Orange');
 INSERT INTO VEHICLE_INVENTORY VALUE(93238646123362912, 1004, '20030115', 12187, 16047.7);
 INSERT INTO VEHICLE VALUE(36051121015666608, 'Panoz', 'Protege', 'SUV', 1980, 104671, 'Midnight Blue');
 INSERT INTO VEHICLE VALUE(99417020237780152, 'Acura', 'Challenger', 'Compact', 1975, 82911, 'Electric Crimson');
 INSERT INTO VEHICLE_INVENTORY VALUE(99417020237780152, 1005, '20090424', 8785, 15360.7);
 INSERT INTO VEHICLE VALUE(27604261112355687, 'Dodge', 'Mazda2', 'Truck', 1994, 46344, 'Maroon (Crayola)');
 INSERT INTO VEHICLE_INVENTORY VALUE(27604261112355687, 1002, '20041023', 5851, 6005.77);
 INSERT INTO VEHICLE VALUE(95834627657998711, 'Nissan', 'Yukon XL 1500', 'Truck', 2007, 67808, 'Dark Jungle Green');
 INSERT INTO VEHICLE_INVENTORY VALUE(95834627657998711, 1003, '20050426', 10760, 18612.7);
 INSERT INTO VEHICLE VALUE(09060218275874196, 'Dodge', 'Hombre Space', 'Van', 1977, 13300, 'Pale Magenta');
 INSERT INTO VEHICLE VALUE(45462537800320185, 'Lexus', 'GTO', 'Compact', 1985, 10619, 'Golden Brown');
 INSERT INTO VEHICLE_INVENTORY VALUE(45462537800320185, 1001, '20040407', 14467, 19485.8);
 INSERT INTO VEHICLE VALUE(62266584778933581, 'Infiniti', 'Alero', 'Compact', 2004, 23035, 'Pastel Orange');
 INSERT INTO VEHICLE_INVENTORY VALUE(62266584778933581, 1009, '20120815', 17072, 29962.9);
 INSERT INTO VEHICLE VALUE(71406118064105123, 'Bentley', 'Altima', 'Compact', 2009, 57697, 'Misty Rose');
 INSERT INTO VEHICLE_INVENTORY VALUE(71406118064105123, 1002, '20120511', 18844, 29152.1);
 INSERT INTO VEHICLE VALUE(63724017799884186, 'Volvo', '90', 'Compact', 1985, 92112, 'Ecru');
 INSERT INTO VEHICLE VALUE(56218845119172102, 'Corbin', 'Continental GT', 'Van', 1979, 75439, 'Sapphire Blue');
 INSERT INTO VEHICLE_INVENTORY VALUE(56218845119172102, 1008, '20030111', 2610, 3529.84);
 INSERT INTO VEHICLE VALUE(97464151143087890, 'Lincoln', 'JUKE', 'Compact', 2012, 18710, 'Rose Quartz');
 INSERT INTO VEHICLE_INVENTORY VALUE(97464151143087890, 1004, '20110118', 10198, 11625.9);
 INSERT INTO VEHICLE VALUE(85491609855710695, 'Foose', 'Xtra', 'Luxury', 1971, 101289, 'Deep Ruby');
 INSERT INTO VEHICLE VALUE(24672197112619432, 'Land Rover', 'Skylark', 'Luxury', 1976, 117939, 'Han Purple');
 INSERT INTO VEHICLE_INVENTORY VALUE(24672197112619432, 1004, '20091107', 20978, 21645.9);
 INSERT INTO VEHICLE VALUE(59478336297501853, 'Aptera', 'Endeavor', 'SUV', 1954, 77593, 'Green (Ryb)');
 INSERT INTO VEHICLE VALUE(89201639642344289, 'Spyker', '750', 'Luxury', 2003, 92807, 'Antique Ruby');
 INSERT INTO VEHICLE VALUE(07119585008329154, 'Lamborghini', 'Highlander Hybrid', 'Van', 1989, 145302, 'Bright Pink');
 INSERT INTO VEHICLE_INVENTORY VALUE(07119585008329154, 1005, '20120611', 16888, 18196.3);
 INSERT INTO VEHICLE VALUE(36704335437716435, 'Spyker', 'Corvair 500', 'Truck', 2006, 121801, 'Dark Slate Gray');
 INSERT INTO VEHICLE_INVENTORY VALUE(36704335437716435, 1002, '20071111', 3689, 6793.29);
 INSERT INTO VEHICLE VALUE(14807042234622702, 'MG', 'Genesis', 'Truck', 1993, 126128, 'Pastel Blue');
 INSERT INTO VEHICLE VALUE(02053811898954848, 'Saturn', 'Lanos', 'SUV', 2013, 63384, 'China Rose');
 INSERT INTO VEHICLE VALUE(18980805182547988, 'Foose', 'NV1500', 'Compact', 1968, 24684, 'Medium Jungle Green');
 INSERT INTO VEHICLE VALUE(96993885304750111, 'Peugeot', '2500', 'Van', 1968, 144197, 'Avocado');
 INSERT INTO VEHICLE VALUE(82647102124502655, 'Ford', 'IS F', 'Truck', 2013, 63284, 'Columbia Blue');
 INSERT INTO VEHICLE VALUE(75281309065458034, 'Morgan', 'Diablo', 'SUV', 2001, 103443, 'Electric Ultramarine');
 INSERT INTO VEHICLE_INVENTORY VALUE(75281309065458034, 1007, '20030001', 3979, 6414.46);
 INSERT INTO VEHICLE VALUE(60108668174683005, 'Ferrari', 'RDX', 'Luxury', 1983, 67776, 'Pink Pearl');
 INSERT INTO VEHICLE_INVENTORY VALUE(60108668174683005, 1007, '20030509', 8544, 12542.8);
 INSERT INTO VEHICLE VALUE(71688163350839672, 'Mazda', 'Vigor', 'Luxury', 1972, 48221, 'Cinnabar');
 INSERT INTO VEHICLE VALUE(61557782461650234, 'Lamborghini', 'Brougham', 'Truck', 1955, 42414, 'Dark Pink');
 INSERT INTO VEHICLE_INVENTORY VALUE(61557782461650234, 1009, '20040313', 20072, 24492.1);
 INSERT INTO VEHICLE VALUE(97278690544142449, 'Studebaker', 'Lumina APV', 'Van', 1991, 46790, 'Neon Fuchsia');
 INSERT INTO VEHICLE_INVENTORY VALUE(97278690544142449, 1002, '20100208', 9898, 19617.9);
 INSERT INTO VEHICLE VALUE(58367045641737178, 'GMC', 'Neon', 'Truck', 1967, 102284, 'International Orange (Golden Gate Bridge)');
 INSERT INTO VEHICLE VALUE(93737134570350057, 'Lamborghini', 'Estate', 'Compact', 1988, 82229, 'Royal Yellow');
 INSERT INTO VEHICLE VALUE(79812037533278728, 'Dodge', 'RDX', 'SUV', 1957, 12301, 'Light Cyan');
 INSERT INTO VEHICLE_INVENTORY VALUE(79812037533278728, 1007, '20111106', 10241, 12730.7);
 INSERT INTO VEHICLE VALUE(09035917484937280, 'Bugatti', 'X5 M', 'Truck', 1963, 59331, 'Khaki (X11) (Light Khaki)');
 INSERT INTO VEHICLE_INVENTORY VALUE(09035917484937280, 1004, '20110708', 2639, 4171.61);
 INSERT INTO VEHICLE VALUE(77601977631576856, 'Volvo', '500SL', 'Van', 1974, 8585, 'Medium Violet-Red');
 INSERT INTO VEHICLE_INVENTORY VALUE(77601977631576856, 1001, '20030806', 17253, 17962.4);
 INSERT INTO VEHICLE VALUE(97835041605390597, 'Eagle', 'Uplander', 'Truck', 1976, 138918, 'Pumpkin');
 INSERT INTO VEHICLE_INVENTORY VALUE(97835041605390597, 1004, '20030522', 15848, 30349.1);
 INSERT INTO VEHICLE VALUE(77822099927943614, 'Aptera', 'Spectra5', 'SUV', 1956, 146721, 'Chartreuse (Web)');
 INSERT INTO VEHICLE_INVENTORY VALUE(77822099927943614, 1010, '20080303', 19600, 35345.1);
 INSERT INTO VEHICLE VALUE(72443449758499804, 'Land Rover', 'LeBaron', 'Compact', 1974, 143319, 'Dandelion');
 INSERT INTO VEHICLE_INVENTORY VALUE(72443449758499804, 1007, '20050726', 15318, 20045.3);
 INSERT INTO VEHICLE VALUE(55948198582128784, 'Lexus', 'Avalanche 1500', 'SUV', 1985, 41693, 'Laser Lemon');
 INSERT INTO VEHICLE VALUE(27862942368337431, 'Toyota', 'Imperial', 'Truck', 1964, 15367, 'Sangria');
 INSERT INTO VEHICLE_INVENTORY VALUE(27862942368337431, 1009, '20120303', 18337, 31299.2);
 INSERT INTO VEHICLE VALUE(48570697998643479, 'Porsche', 'GT350', 'SUV', 1983, 70464, 'Mountbatten Pink');
 INSERT INTO VEHICLE VALUE(99727624340302581, 'Cadillac', 'Malibu Maxx', 'Luxury', 2002, 118055, 'Dark Orange');
 INSERT INTO VEHICLE_INVENTORY VALUE(99727624340302581, 1001, '20091105', 11966, 15748.8);
 INSERT INTO VEHICLE VALUE(93457534753051714, 'Merkur', 'Roadrunner', 'SUV', 1974, 33298, 'Pale Robin Egg Blue');
 INSERT INTO VEHICLE_INVENTORY VALUE(93457534753051714, 1004, '20060704', 10812, 18548.7);
 INSERT INTO VEHICLE VALUE(99362399530730506, 'Honda', '3500', 'Compact', 1972, 60907, 'Deep Sky Blue');
 INSERT INTO VEHICLE_INVENTORY VALUE(99362399530730506, 1008, '20060004', 21745, 36296.3);
 INSERT INTO VEHICLE VALUE(15586214084851966, 'Lamborghini', 'CR-V', 'Van', 1980, 135764, 'Light Slate Gray');
 INSERT INTO VEHICLE_INVENTORY VALUE(15586214084851966, 1010, '20110216', 19343, 36822.5);
 INSERT INTO VEHICLE VALUE(68991201271845054, 'Scion', 'Sixty Special', 'Compact', 1958, 5780, 'Crimson Glory');
 INSERT INTO VEHICLE VALUE(97455053208112526, 'Daewoo', 'Lucerne', 'Luxury', 1992, 129086, 'Mardi Gras');
 INSERT INTO VEHICLE_INVENTORY VALUE(97455053208112526, 1002, '20120926', 9920, 10779.1);
 INSERT INTO VEHICLE VALUE(08170517001250632, 'Lotus', '300C', 'Van', 1963, 83480, 'Rosso Corsa');
 INSERT INTO VEHICLE VALUE(77782378899419563, 'Isuzu', 'Yaris', 'Truck', 1983, 103242, 'Camel');
 INSERT INTO VEHICLE_INVENTORY VALUE(77782378899419563, 1001, '20091114', 9172, 11368.5);
 INSERT INTO VEHICLE VALUE(14332505290907512, 'Saturn', 'Suburban 1500', 'Luxury', 2012, 72231, 'Dark Gray');
 INSERT INTO VEHICLE_INVENTORY VALUE(14332505290907512, 1009, '20091003', 19759, 37587.2);
 INSERT INTO VEHICLE VALUE(87642800150907616, 'Land Rover', '3 Series', 'SUV', 1966, 9267, 'Mountbatten Pink');
 INSERT INTO VEHICLE VALUE(61241130136667376, 'Bentley', 'Borrego', 'Truck', 1991, 102982, 'Blue Bell');
 INSERT INTO VEHICLE_INVENTORY VALUE(61241130136667376, 1008, '20100406', 11659, 17719);
 INSERT INTO VEHICLE VALUE(29712137811550720, 'Kia', 'Hearse', 'Compact', 1990, 45218, 'Green (Ryb)');
 INSERT INTO VEHICLE_INVENTORY VALUE(29712137811550720, 1008, '20040704', 12635, 22064);
 INSERT INTO VEHICLE VALUE(88921546012458757, 'Eagle', 'IS F', 'Compact', 1960, 88726, 'Red (Pigment)');
 INSERT INTO VEHICLE VALUE(16805866019830613, 'Ram', 'RS 4', 'Luxury', 2000, 81001, 'Auburn');
 INSERT INTO VEHICLE_INVENTORY VALUE(16805866019830613, 1001, '20060122', 11314, 21388.6);
 INSERT INTO VEHICLE VALUE(50291445528110189, 'Panoz', 'Mazda5', 'Luxury', 2012, 100402, 'Pale Robin Egg Blue');
 INSERT INTO VEHICLE VALUE(98033256657640344, 'Daihatsu', 'Acadia', 'Van', 1959, 24129, 'Red-Orange');
 INSERT INTO VEHICLE VALUE(07137339282499282, 'Isuzu', 'Tracker', 'Compact', 1965, 105080, 'Green (Munsell)');
 INSERT INTO VEHICLE_INVENTORY VALUE(07137339282499282, 1007, '20060602', 21705, 23749.8);
 INSERT INTO VEHICLE VALUE(20379567665622046, 'Lexus', 'Aveo', 'Truck', 2010, 1389, 'Spring Green');
 INSERT INTO VEHICLE VALUE(86040139743587378, 'Infiniti', 'Endeavor', 'Truck', 1989, 4952, 'Sand');
 INSERT INTO VEHICLE VALUE(62164118148442332, 'Hyundai', 'Echo', 'Luxury', 2013, 80275, 'Palatinate Blue');
 INSERT INTO VEHICLE VALUE(61264782720200538, 'Hillman', 'Mark VII', 'Luxury', 1962, 70883, 'Sap Green');
 INSERT INTO VEHICLE VALUE(20113002075671126, 'Pontiac', '1500', 'Compact', 1982, 121732, 'Electric Indigo');
 INSERT INTO VEHICLE_INVENTORY VALUE(20113002075671126, 1007, '20030720', 21241, 36805.9);
 INSERT INTO VEHICLE VALUE(38859378711588066, 'Daihatsu', 'Montero Sport', 'SUV', 1983, 45041, 'Feldgrau');
 INSERT INTO VEHICLE_INVENTORY VALUE(38859378711588066, 1001, '20050911', 4322, 8156.39);
 INSERT INTO VEHICLE VALUE(47851249543598625, 'Jensen', 'GL-Class', 'SUV', 2011, 27729, 'Peach Puff');
 INSERT INTO VEHICLE_INVENTORY VALUE(47851249543598625, 1006, '20060123', 13534, 21500.2);
 INSERT INTO VEHICLE VALUE(20184979505181057, 'Pontiac', '400SE', 'SUV', 1993, 20007, 'Black');
 INSERT INTO VEHICLE VALUE(64577631553306457, 'Spyker', 'Esprit Turbo', 'Compact', 1990, 62920, 'Pearly Purple');
 INSERT INTO VEHICLE VALUE(09873682946974068, 'Pontiac', 'Durango', 'Compact', 1968, 6763, 'Majorelle Blue');
 INSERT INTO VEHICLE_INVENTORY VALUE(09873682946974068, 1002, '20040422', 3168, 5321.13);
 INSERT INTO VEHICLE VALUE(76158190000460957, 'FIAT', 'Tahoe', 'Van', 1978, 41020, 'Iceberg');
 INSERT INTO VEHICLE_INVENTORY VALUE(76158190000460957, 1008, '20061019', 3251, 5317.65);
 INSERT INTO VEHICLE VALUE(22535030419777494, 'Renault', 'Montana', 'Luxury', 1980, 82124, 'Navy Blue');
 INSERT INTO VEHICLE VALUE(11524877131343813, 'Bentley', 'Accent', 'Luxury', 2000, 64124, 'Chocolate (Traditional)');
 INSERT INTO VEHICLE VALUE(05447352725710823, 'Acura', 'Sequoia', 'Luxury', 2002, 32033, 'Ebony');
 INSERT INTO VEHICLE VALUE(24228798588919944, 'Infiniti', 'Coupe', 'Compact', 2008, 141828, 'Medium Electric Blue');
 INSERT INTO VEHICLE_INVENTORY VALUE(24228798588919944, 1010, '20060001', 12790, 19049.5);
 INSERT INTO VEHICLE VALUE(89917373665089539, 'Corbin', 'Millenia', 'Luxury', 1956, 11210, 'Orange (Ryb)');
 INSERT INTO VEHICLE VALUE(48323343057141116, 'Acura', 'Kizashi', 'SUV', 1964, 15029, 'Light Cyan');
 INSERT INTO VEHICLE_INVENTORY VALUE(48323343057141116, 1003, '20090712', 20741, 24073.4);
 INSERT INTO VEHICLE VALUE(94136988257638888, 'Renault', 'Ciera', 'Van', 1961, 30337, 'Onyx');
 INSERT INTO VEHICLE_INVENTORY VALUE(94136988257638888, 1005, '20060700', 20433, 38846.7);
 INSERT INTO VEHICLE VALUE(14343205932123158, 'Smart', 'RS 6', 'Truck', 1994, 94262, 'Daffodil');
 INSERT INTO VEHICLE_INVENTORY VALUE(14343205932123158, 1006, '20090719', 6874, 11741.7);
 INSERT INTO VEHICLE VALUE(60778214243293870, 'Fairthorpe', 'Alero', 'Van', 2010, 3327, 'Pale Copper');
 INSERT INTO VEHICLE_INVENTORY VALUE(60778214243293870, 1005, '20090806', 9603, 17829.7);
 INSERT INTO VEHICLE VALUE(79929073146185619, 'Studebaker', 'Malibu Maxx', 'Truck', 2010, 82801, 'Taupe');
 INSERT INTO VEHICLE VALUE(00637678595308420, 'Plymouth', 'Th!nk', 'SUV', 1986, 112695, 'Guppie Green');
 INSERT INTO VEHICLE VALUE(84851072252544220, 'Honda', 'Rally Wagon G2500', 'Van', 1967, 80498, 'Heart Gold');
 INSERT INTO VEHICLE_INVENTORY VALUE(84851072252544220, 1006, '20040212', 4290, 7288.45);
 INSERT INTO VEHICLE VALUE(28193392663808567, 'Geo', 'B2600', 'Van', 1977, 116350, 'Rose Pink');
 INSERT INTO VEHICLE VALUE(30132435005697253, 'HUMMER', '900', 'Truck', 1956, 58380, 'Cotton Candy');
 INSERT INTO VEHICLE VALUE(79736047947722641, 'Ram', 'G3', 'SUV', 1981, 53389, 'Fuzzy Wuzzy');
 INSERT INTO VEHICLE_INVENTORY VALUE(79736047947722641, 1008, '20070721', 9364, 16596.3);
 INSERT INTO VEHICLE VALUE(32107270752822881, 'HUMMER', 'Silverado 2500', 'Compact', 1988, 149526, 'Deep Carrot Orange');
 INSERT INTO VEHICLE_INVENTORY VALUE(32107270752822881, 1010, '20100525', 2969, 5663.4);
 INSERT INTO VEHICLE VALUE(47366983111872082, 'Foose', '90', 'Compact', 1999, 92705, 'Cerise');
 INSERT INTO VEHICLE VALUE(69947633236328076, 'Rambler', 'Cirrus', 'Truck', 2004, 85709, 'Cyan');
 INSERT INTO VEHICLE VALUE(19458380082968754, 'Oldsmobile', 'Fillmore', 'Luxury', 2004, 16877, 'Blue (Munsell)');
 INSERT INTO VEHICLE VALUE(90225915667951069, 'Aptera', 'Endeavor', 'Luxury', 1956, 58179, 'Cardinal');
 INSERT INTO VEHICLE_INVENTORY VALUE(90225915667951069, 1001, '20070401', 14472, 23848);
 INSERT INTO VEHICLE VALUE(22221942153953270, 'Chrysler', 'X5 M', 'Luxury', 1970, 44993, 'Chocolate (Traditional)');
 INSERT INTO VEHICLE VALUE(47067886358607751, 'Foose', 'FX', 'Luxury', 1981, 122538, 'Burnt Orange');
 INSERT INTO VEHICLE VALUE(66847707263941042, 'Peugeot', 'Relay', 'Luxury', 1987, 139805, 'Bondi Blue');
 INSERT INTO VEHICLE_INVENTORY VALUE(66847707263941042, 1008, '20050622', 18477, 21616);
 INSERT INTO VEHICLE VALUE(01813070721322041, 'Saturn', 'Solara', 'Van', 1983, 90634, 'Khaki (X11) (Light Khaki)');
 INSERT INTO VEHICLE VALUE(49588412304435259, 'Austin', '5000CS Quattro', 'SUV', 1989, 28846, 'Rackley');
 INSERT INTO VEHICLE VALUE(82014888216290848, 'Suzuki', '57S', 'Compact', 1968, 137544, 'Dark Goldenrod');
 INSERT INTO VEHICLE VALUE(00477945367753369, 'Infiniti', 'Firefly', 'Van', 1955, 127558, 'Candy Pink');
 INSERT INTO VEHICLE VALUE(94104651293966788, 'McLaren', 'Escalade', 'SUV', 1988, 129501, 'Pale Cornflower Blue');
 INSERT INTO VEHICLE VALUE(79859838376817863, 'Aptera', 'Truck', 'Luxury', 2013, 82263, 'Electric Lavender');
 INSERT INTO VEHICLE VALUE(98116665161811145, 'McLaren', 'Vega', 'SUV', 1992, 121813, 'Dogwood Rose');
 INSERT INTO VEHICLE VALUE(97003463931671385, 'Mercedes-Benz', 'M3', 'SUV', 2013, 107105, 'Pale Pink');
 INSERT INTO VEHICLE_INVENTORY VALUE(97003463931671385, 1002, '20121008', 8980, 9909.12);
 INSERT INTO VEHICLE VALUE(78011813673248073, 'Kia', '300C', 'SUV', 1997, 82851, 'Red Devil');
 INSERT INTO VEHICLE_INVENTORY VALUE(78011813673248073, 1008, '20100512', 2571, 3823.51);
 INSERT INTO VEHICLE VALUE(06392666966090959, 'Fairthorpe', 'XC60', 'SUV', 1970, 8973, 'Stil De Grain Yellow');
 INSERT INTO VEHICLE VALUE(43198036334642098, 'Volvo', '350Z', 'Van', 1980, 83980, 'Light Gray');
 INSERT INTO VEHICLE VALUE(81863175897739167, 'Chevrolet', 'Corvair 500', 'Compact', 1976, 76568, 'Persimmon');
 INSERT INTO VEHICLE_INVENTORY VALUE(81863175897739167, 1008, '20050506', 6547, 7175.41);
 INSERT INTO VEHICLE VALUE(25815991747968036, 'Foose', 'Verona', 'Van', 1986, 51951, 'Ball Blue');
 INSERT INTO VEHICLE VALUE(06261478246982672, 'Fairthorpe', 'SLK55 AMG', 'Luxury', 2002, 121945, 'Dark Slate Blue');
 INSERT INTO VEHICLE VALUE(95004712115420610, 'Geo', 'RS4', 'Van', 2006, 147557, 'Ginger');
 INSERT INTO VEHICLE_INVENTORY VALUE(95004712115420610, 1002, '20110402', 17146, 26737.9);
 INSERT INTO VEHICLE VALUE(00456463712317245, 'Peugeot', '330', 'Luxury', 1973, 36123, 'Dark Pastel Red');
 INSERT INTO VEHICLE VALUE(73524716204502934, 'Austin', 'Entourage', 'Luxury', 1987, 113932, 'Red Devil');
 INSERT INTO VEHICLE VALUE(75255711346421525, 'Tesla', 'RAV4', 'Van', 2007, 98276, 'Taupe');
 INSERT INTO VEHICLE_INVENTORY VALUE(75255711346421525, 1002, '20030414', 10723, 18963.7);
 INSERT INTO VEHICLE VALUE(57739085569090544, 'Renault', 'Spirit', 'Luxury', 1983, 83728, 'Buff');
 INSERT INTO VEHICLE_INVENTORY VALUE(57739085569090544, 1008, '20120804', 2630, 4851.25);
 INSERT INTO VEHICLE VALUE(02942352249532277, 'Scion', 'F-350 Super Duty', 'Luxury', 1982, 30660, 'Brandeis Blue');
 INSERT INTO VEHICLE VALUE(48472561101493247, 'HUMMER', 'Lightning', 'Truck', 1997, 1798, 'Blue-Violet');
 INSERT INTO VEHICLE VALUE(82458454444005538, 'Bentley', 'S-Type', 'Compact', 1990, 113253, 'Orchid');
 INSERT INTO VEHICLE VALUE(94460098959186452, 'Nissan', 'Avenger', 'Van', 1976, 117649, 'Light Cornflower Blue');
 INSERT INTO VEHICLE_INVENTORY VALUE(94460098959186452, 1003, '20040317', 20647, 25813.9);
 INSERT INTO VEHICLE VALUE(74630561542983936, 'Porsche', 'JX', 'Truck', 2006, 131180, 'Outrageous Orange');
 INSERT INTO VEHICLE VALUE(66689494768204740, 'Bentley', 'Tercel', 'SUV', 1990, 64290, 'Liver');
 INSERT INTO VEHICLE_INVENTORY VALUE(66689494768204740, 1009, '20030123', 7607, 14672.5);
 INSERT INTO VEHICLE VALUE(64665933474846848, 'Tesla', 'Raider', 'Luxury', 2002, 53439, 'Cerise Pink');
 INSERT INTO VEHICLE_INVENTORY VALUE(64665933474846848, 1006, '20100327', 6232, 7744.56);
 INSERT INTO VEHICLE VALUE(18878951138130267, 'Renault', 'F-250 Super Duty', 'Truck', 1955, 120876, 'Electric Blue');
 INSERT INTO VEHICLE VALUE(22349057510220096, 'Porsche', '600', 'Luxury', 1998, 20477, 'Flamingo Pink');
 INSERT INTO VEHICLE VALUE(97585114457023184, 'Land Rover', 'Courier', 'Compact', 1998, 31293, 'Azure');
 INSERT INTO VEHICLE_INVENTORY VALUE(97585114457023184, 1005, '20061013', 13921, 19083.9);
 INSERT INTO VEHICLE VALUE(18532517315424096, 'Renault', 'Nuova 500', 'Truck', 1977, 11778, 'Asparagus');
 INSERT INTO VEHICLE VALUE(97232982151372788, 'Volkswagen', 'Verona', 'Van', 2009, 16528, 'Ebony');
 INSERT INTO VEHICLE VALUE(71173909607928708, 'Lexus', 'Vitara', 'Luxury', 1996, 29204, 'Chinese Red');
 INSERT INTO VEHICLE_INVENTORY VALUE(71173909607928708, 1001, '20070008', 8475, 13658.8);
 INSERT INTO VEHICLE VALUE(35449099688412736, 'Subaru', '3500 Club Coupe', 'Luxury', 2000, 14820, 'Liver');
 INSERT INTO VEHICLE_INVENTORY VALUE(35449099688412736, 1006, '20100821', 5122, 10221.7);
 INSERT INTO VEHICLE VALUE(47438194387874498, 'Bentley', 'Thunderbird', 'Luxury', 1983, 134320, 'Coral');
 INSERT INTO VEHICLE_INVENTORY VALUE(47438194387874498, 1003, '20050410', 6045, 8151.5);
 INSERT INTO VEHICLE VALUE(32165184816564444, 'Isuzu', 'Pathfinder', 'Luxury', 1965, 44561, 'Melon');
 INSERT INTO VEHICLE_INVENTORY VALUE(32165184816564444, 1003, '20041101', 20979, 30277.8);
 INSERT INTO VEHICLE VALUE(98333065003592306, 'Audi', '1 Series', 'Truck', 2002, 125835, 'Burnt Sienna');
 INSERT INTO VEHICLE VALUE(39488626377040442, 'Saab', 'Silverado 3500HD', 'Van', 2000, 131173, 'Harvard Crimson');
 INSERT INTO VEHICLE VALUE(54128463606601971, 'Jensen', 'Matrix', 'Compact', 2009, 56683, 'Chartreuse (Web)');
 INSERT INTO VEHICLE_INVENTORY VALUE(54128463606601971, 1001, '20051104', 9930, 12277.9);
 INSERT INTO VEHICLE VALUE(49483202920033775, 'Corbin', 'Golf', 'Truck', 2005, 46502, 'Scarlet');
 INSERT INTO VEHICLE_INVENTORY VALUE(49483202920033775, 1008, '20051118', 19297, 26286.4);
 INSERT INTO VEHICLE VALUE(59657070862375476, 'McLaren', 'FCX Clarity', 'Luxury', 1974, 85841, 'Amber (Sae/Ece)');
 INSERT INTO VEHICLE_INVENTORY VALUE(59657070862375476, 1005, '20110312', 19801, 37738.4);
 INSERT INTO VEHICLE VALUE(30018741395780021, 'Saab', 'Grand Prix Turbo', 'Luxury', 2013, 128946, 'Deep Champagne');
 INSERT INTO VEHICLE_INVENTORY VALUE(30018741395780021, 1001, '20080412', 15154, 27663.6);
 INSERT INTO VEHICLE VALUE(49254200546998478, 'Chevrolet', '500SL', 'Truck', 2002, 109247, 'Rose');
 INSERT INTO VEHICLE VALUE(98281509401543929, 'Studebaker', 'B-Series', 'Van', 1997, 6392, 'Stormcloud');
 INSERT INTO VEHICLE_INVENTORY VALUE(98281509401543929, 1005, '20050502', 21163, 27413.7);
 INSERT INTO VEHICLE VALUE(89146297708676344, 'Isuzu', 'Sequoia', 'Van', 1968, 123017, 'Purple Heart');
 INSERT INTO VEHICLE VALUE(82813451257044355, 'Renault', 'Cayenne', 'Van', 2001, 118525, 'Cocoa Brown');
 INSERT INTO VEHICLE_INVENTORY VALUE(82813451257044355, 1007, '20070522', 9374, 17679.9);
 INSERT INTO VEHICLE VALUE(96934046277594086, 'Shelby', 'C8', 'Luxury', 1998, 88045, 'Medium Red-Violet');
 INSERT INTO VEHICLE_INVENTORY VALUE(96934046277594086, 1005, '20110202', 9373, 17169.2);
 INSERT INTO VEHICLE VALUE(81462993264520383, 'Rambler', '164', 'Compact', 2009, 145019, 'Seashell');
 INSERT INTO VEHICLE_INVENTORY VALUE(81462993264520383, 1004, '20040925', 19281, 21872.8);
 INSERT INTO VEHICLE VALUE(02648966957632109, 'Panoz', 'Defender 90', 'Luxury', 1989, 61672, 'Corn');
 INSERT INTO VEHICLE VALUE(13326833083872743, 'Isuzu', 'Expo', 'Compact', 2006, 99994, 'Rose Madder');
 INSERT INTO VEHICLE_INVENTORY VALUE(13326833083872743, 1006, '20060024', 7092, 7912.35);
 INSERT INTO VEHICLE VALUE(08642707720306117, 'Panoz', 'Tundra', 'Van', 1988, 25211, 'Phthalo Blue');
 INSERT INTO VEHICLE VALUE(84205538714744910, 'Honda', 'Quattro', 'Truck', 1978, 67704, 'Maroon (Crayola)');
 INSERT INTO VEHICLE VALUE(04901584696171383, 'Cadillac', 'Aspire', 'Luxury', 1962, 147764, 'Brown (Web)');
 INSERT INTO VEHICLE_INVENTORY VALUE(04901584696171383, 1003, '20040507', 16433, 17088.3);
 INSERT INTO VEHICLE VALUE(63004205728182245, 'Eagle', 'Escalade ESV', 'Van', 2000, 6726, 'Moccasin');
 INSERT INTO VEHICLE VALUE(88355070643617545, 'Holden', 'Camry', 'Luxury', 1969, 74211, 'Maroon (X11)');
 INSERT INTO VEHICLE VALUE(32693903578503581, 'Jensen', 'Camry Solara', 'Van', 1999, 65647, 'Persimmon');
 INSERT INTO VEHICLE_INVENTORY VALUE(32693903578503581, 1009, '20090418', 18409, 28775.6);
 INSERT INTO VEHICLE VALUE(97542750303629694, 'Fillmore', 'XT', 'Compact', 1961, 38936, 'Deep Carmine Pink');
 INSERT INTO VEHICLE_INVENTORY VALUE(97542750303629694, 1002, '20100106', 10177, 10378);
 INSERT INTO VEHICLE VALUE(23165530891496116, 'Jeep', 'Dakota', 'Luxury', 1990, 124657, 'Electric Crimson');
 INSERT INTO VEHICLE_INVENTORY VALUE(23165530891496116, 1008, '20030912', 9512, 12919.7);
 INSERT INTO VEHICLE VALUE(24279303822929837, 'Kia', '2CV', 'Luxury', 1992, 21304, 'Pansy Purple');
 INSERT INTO VEHICLE_INVENTORY VALUE(24279303822929837, 1010, '20071017', 22161, 26222.6);
 INSERT INTO VEHICLE VALUE(96391398266491026, 'Foose', 'Vitara', 'Luxury', 1958, 62385, 'Blizzard Blue');
 INSERT INTO VEHICLE VALUE(40783587187208416, 'Bugatti', 'Escort', 'Luxury', 1975, 92966, 'School Bus Yellow');
 INSERT INTO VEHICLE_INVENTORY VALUE(40783587187208416, 1009, '20091104', 13413, 20997.2);
 INSERT INTO VEHICLE VALUE(79645280436779794, 'Jaguar', 'GT-R', 'Luxury', 2004, 101340, 'Aureolin');
 INSERT INTO VEHICLE VALUE(74051226794362943, 'Jeep', 'CL65 AMG', 'Truck', 2009, 135161, 'Majorelle Blue');
 INSERT INTO VEHICLE_INVENTORY VALUE(74051226794362943, 1007, '20090914', 22032, 34154.3);
 INSERT INTO VEHICLE VALUE(45029086991578987, 'Austin', 'Monza', 'Van', 1991, 109248, 'Medium Lavender Magenta');
 INSERT INTO VEHICLE VALUE(48790370897728463, 'Toyota', 'Forenza', 'SUV', 1977, 35517, 'Catalina Blue');
 INSERT INTO VEHICLE VALUE(85047154141060966, 'Spyker', 'Echo', 'SUV', 1993, 31100, 'Peach');
 INSERT INTO VEHICLE VALUE(39037039600149149, 'Buick', 'CX-5', 'Truck', 1996, 115416, 'Peridot');
 INSERT INTO VEHICLE VALUE(98127683892938243, 'Acura', 'Ram', 'Luxury', 2009, 80145, 'Lapis Lazuli');
 INSERT INTO VEHICLE_INVENTORY VALUE(98127683892938243, 1005, '20040527', 11139, 19191);
 INSERT INTO VEHICLE VALUE(63853754261966663, 'Isuzu', 'Alcyone SVX', 'Van', 1990, 116857, 'Cerulean Blue');
 INSERT INTO VEHICLE_INVENTORY VALUE(63853754261966663, 1006, '20090419', 9837, 18590);
 INSERT INTO VEHICLE VALUE(28452165869459470, 'Audi', 'Ram Wagon B150', 'Truck', 1964, 40400, 'Azure');
 INSERT INTO VEHICLE VALUE(77598346875613264, 'Mazda', 'Sierra Denali', 'Compact', 1960, 4108, 'Celestial Blue');
 INSERT INTO VEHICLE_INVENTORY VALUE(77598346875613264, 1006, '20040303', 15335, 25769.9);
 INSERT INTO VEHICLE VALUE(66293974886916936, 'Oldsmobile', 'Escort ZX2', 'Van', 2007, 64814, 'Shamrock Green');
 INSERT INTO VEHICLE VALUE(48491599989683289, 'Cadillac', 'Phaeton', 'Luxury', 2004, 77126, 'Cadmium Orange');
 INSERT INTO VEHICLE VALUE(98476405694976234, 'Jensen', '650', 'Compact', 2004, 30490, 'Bondi Blue');
 INSERT INTO VEHICLE_INVENTORY VALUE(98476405694976234, 1006, '20060627', 7911, 8169.09);
 INSERT INTO VEHICLE VALUE(20547465751351282, 'Shelby', 'E-Series', 'Compact', 1999, 12767, 'Golden Yellow');
 INSERT INTO VEHICLE VALUE(39842579060627844, 'Jaguar', 'Sidekick', 'SUV', 1992, 42682, 'Smalt (Dark Powder Blue)');
 INSERT INTO VEHICLE_INVENTORY VALUE(39842579060627844, 1005, '20090109', 21953, 42575.2);
 INSERT INTO VEHICLE VALUE(83626926622103251, 'Mazda', 'Compass', 'Truck', 1993, 147512, 'Aureolin');
 INSERT INTO VEHICLE_INVENTORY VALUE(83626926622103251, 1009, '20100312', 19525, 23950.7);
 INSERT INTO VEHICLE VALUE(21197573592555490, 'MINI', 'Boxster', 'Truck', 1983, 105231, 'Persian Plum');
 INSERT INTO VEHICLE VALUE(66520774118784583, 'Land Rover', 'XLR', 'Compact', 1995, 121942, 'Beaver');
 INSERT INTO VEHICLE VALUE(83492068935535305, 'Aston Martin', 'V8', 'Truck', 1968, 4751, 'Mountbatten Pink');
 INSERT INTO VEHICLE VALUE(03431949528449123, 'Merkur', 'Equator', 'Compact', 1977, 53565, 'Dark Scarlet');
 INSERT INTO VEHICLE VALUE(62394908530521467, 'Foose', 'Solara', 'SUV', 1988, 45474, 'Dark Blue');
 INSERT INTO VEHICLE VALUE(83068254490911208, 'Fillmore', 'Galaxie', 'SUV', 1973, 123964, 'Indigo (Dye)');
 INSERT INTO VEHICLE_INVENTORY VALUE(83068254490911208, 1005, '20120720', 10376, 16618.1);
 INSERT INTO VEHICLE VALUE(78824786173884352, 'Infiniti', 'Ram Wagon B150', 'Compact', 1963, 35139, 'Dark Violet');
 INSERT INTO VEHICLE VALUE(42295346377009850, 'Isuzu', 'GLI', 'Van', 1988, 65585, 'Purple Heart');
 INSERT INTO VEHICLE VALUE(46738079886087778, 'Bentley', 'Coachbuilder', 'SUV', 2005, 149587, 'Fluorescent Yellow');
 INSERT INTO VEHICLE_INVENTORY VALUE(46738079886087778, 1003, '20030509', 20267, 28992);
 INSERT INTO VEHICLE VALUE(00731106956796264, 'Ford', 'Highlander Hybrid', 'SUV', 1979, 81699, 'Medium Taupe');
 INSERT INTO VEHICLE VALUE(55538236787058571, 'Alfa Romeo', 'Beetle', 'Truck', 1978, 120714, 'French Beige');
 INSERT INTO VEHICLE VALUE(18261785322415151, 'Isuzu', 'XK', 'Compact', 1973, 70659, 'Lavender (Web)');
 INSERT INTO VEHICLE_INVENTORY VALUE(18261785322415151, 1007, '20120808', 5882, 6316.63);
 INSERT INTO VEHICLE VALUE(64508361791297772, 'Tesla', 'Ram', 'Van', 1994, 67385, 'Dark Khaki');
 INSERT INTO VEHICLE VALUE(91491284531293371, 'Nissan', 'Tribute', 'Compact', 1974, 34826, 'Moonstone Blue');
 INSERT INTO VEHICLE_INVENTORY VALUE(91491284531293371, 1006, '20090204', 2679, 4081.51);
 INSERT INTO VEHICLE VALUE(94649195513327966, 'Hillman', 'XL-7', 'Van', 2004, 104672, 'Cornsilk');
 INSERT INTO VEHICLE_INVENTORY VALUE(94649195513327966, 1004, '20050216', 17951, 21832.3);
 INSERT INTO VEHICLE VALUE(39801662924077559, 'Subaru', 'Caravan', 'Compact', 1983, 144332, 'Jade');
 INSERT INTO VEHICLE VALUE(06273224502831974, 'Toyota', 'Equator', 'Compact', 2008, 103757, 'Midnight Green (Eagle Green)');
 INSERT INTO VEHICLE_INVENTORY VALUE(06273224502831974, 1006, '20030008', 17961, 32779.9);
 INSERT INTO VEHICLE VALUE(73965349596643036, 'Infiniti', 'Karif', 'Luxury', 1987, 118963, 'Guppie Green');
 INSERT INTO VEHICLE VALUE(65783392201080198, 'Alfa Romeo', 'SLX', 'Van', 1960, 136893, 'Seal Brown');
 INSERT INTO VEHICLE_INVENTORY VALUE(65783392201080198, 1004, '20080007', 13589, 20509.3);
 INSERT INTO VEHICLE VALUE(87404537862213947, 'Infiniti', 'Corvair', 'Compact', 1970, 3472, 'Fluorescent Orange');
 INSERT INTO VEHICLE_INVENTORY VALUE(87404537862213947, 1003, '20080218', 5206, 7873.92);
 INSERT INTO VEHICLE VALUE(57430684233515325, 'Spyker Cars', 'Mariner', 'Truck', 1992, 49357, 'Sunglow');
 INSERT INTO VEHICLE_INVENTORY VALUE(57430684233515325, 1006, '20030623', 14421, 20494);
 INSERT INTO VEHICLE VALUE(16181527078170854, 'Kia', 'Tiguan', 'Compact', 1994, 71007, 'Sandy Taupe');
 INSERT INTO VEHICLE VALUE(82065516566596858, 'Mercury', '300C', 'Truck', 2003, 109644, 'Nadeshiko Pink');
 INSERT INTO VEHICLE_INVENTORY VALUE(82065516566596858, 1001, '20050110', 21063, 30276.8);
 INSERT INTO VEHICLE VALUE(31235775797983746, 'FIAT', 'Focus ST', 'Compact', 1971, 46807, 'Orange-Red');
 INSERT INTO VEHICLE_INVENTORY VALUE(31235775797983746, 1002, '20050401', 5947, 10019.8);
 INSERT INTO VEHICLE VALUE(25956628490134339, 'Shelby', 'Cruze', 'Truck', 1973, 97344, 'Medium Persian Blue');
 INSERT INTO VEHICLE_INVENTORY VALUE(25956628490134339, 1002, '20090814', 5059, 7836.98);
 INSERT INTO VEHICLE VALUE(71052616130793933, 'Fillmore', 'Focus ST', 'Compact', 2001, 40226, 'Chartreuse (Traditional)');
 INSERT INTO CUSTOMER VALUE(NULL, 'Dominique', 'U', 'Blanchard', 447, '2145582446', 52046868002646102);
 INSERT INTO SALE VALUE(NULL, 52046868002646102, 26587, '20111020', 112, 1);
 INSERT INTO CUSTOMER VALUE(NULL, 'Javier', 'R', 'Harmon', 164, '20136866', 56351052726622695);
 INSERT INTO SALE VALUE(NULL, 56351052726622695, 16203, '20110525', 58, 2);
 INSERT INTO CUSTOMER VALUE(NULL, 'Dianna', 'H', 'Caldwell', 284, '2169409268', 22652771679253958);
 INSERT INTO SALE VALUE(NULL, 22652771679253958, 42280, '20120215', 64, 3);
 INSERT INTO CUSTOMER VALUE(NULL, 'Krystal', 'F', 'Hall', 250, '813689544', 90284985168268793);
 INSERT INTO SALE VALUE(NULL, 90284985168268793, 13202, '20111105', 194, 4);
 INSERT INTO CUSTOMER VALUE(NULL, 'Debora', 'K', 'Santos', 55, '7083473074', 37598634540200723);
 INSERT INTO SALE VALUE(NULL, 37598634540200723, 44651, '20061116', 72, 5);
 INSERT INTO CUSTOMER VALUE(NULL, 'Kurtis', 'N', 'Berg', 57, '6078203528', 16686736842713139);
 INSERT INTO SALE VALUE(NULL, 16686736842713139, 26832, '20050807', 144, 6);
 INSERT INTO CUSTOMER VALUE(NULL, 'Mona', 'M', 'Grimes', 31, '515561708', 02618996275563939);
 INSERT INTO SALE VALUE(NULL, 02618996275563939, 43796, '20060519', 26, 7);
 INSERT INTO CUSTOMER VALUE(NULL, 'Delmer', 'O', 'Fulton', 116, '317788343', 52213396117235247);
 INSERT INTO SALE VALUE(NULL, 52213396117235247, 27789, '20090708', 190, 8);
 INSERT INTO CUSTOMER VALUE(NULL, 'Alexandria', 'V', 'Franks', 104, '6152433299', 81995456412696516);
 INSERT INTO SALE VALUE(NULL, 81995456412696516, 27751, '20040612', 171, 9);
 INSERT INTO CUSTOMER VALUE(NULL, 'Frederick', 'I', 'Barry', 419, '4027767042', 59276179252663391);
 INSERT INTO SALE VALUE(NULL, 59276179252663391, 31931, '20080909', 151, 10);
 INSERT INTO CUSTOMER VALUE(NULL, 'Ericka', 'R', 'Mcclure', 311, '2193103655', 47457359068721782);
 INSERT INTO SALE VALUE(NULL, 47457359068721782, 25998, '20110824', 164, 11);
 INSERT INTO CUSTOMER VALUE(NULL, 'Katherine', 'O', 'Tyler', 220, '510785935', 00819868128792858);
 INSERT INTO SALE VALUE(NULL, 00819868128792858, 12925, '20070426', 57, 12);
 INSERT INTO CUSTOMER VALUE(NULL, 'Edmond', 'T', 'Klein', 139, '804984514', 84649952075693334);
 INSERT INTO SALE VALUE(NULL, 84649952075693334, 42635, '20070827', 137, 13);
 INSERT INTO CUSTOMER VALUE(NULL, 'Andrew', 'F', 'Conner', 288, '5106308022', 60894790494836366);
 INSERT INTO SALE VALUE(NULL, 60894790494836366, 36878, '20100503', 55, 14);
 INSERT INTO CUSTOMER VALUE(NULL, 'Cole', 'G', 'Lott', 394, '4085756098', 73568462763302698);
 INSERT INTO SALE VALUE(NULL, 73568462763302698, 14137, '20130520', 123, 15);
 INSERT INTO CUSTOMER VALUE(NULL, 'Claude', 'P', 'Leon', 289, '5138191502', 27395817759128610);
 INSERT INTO SALE VALUE(NULL, 27395817759128610, 33010, '20120319', 98, 16);
 INSERT INTO CUSTOMER VALUE(NULL, 'Rufus', 'K', 'Avery', 248, '5102729765', 44039863498988510);
 INSERT INTO SALE VALUE(NULL, 44039863498988510, 31115, '20041109', 233, 17);
 INSERT INTO CUSTOMER VALUE(NULL, 'Margaret', 'W', 'Strickland', 336, '4029813485', 72364648093519657);
 INSERT INTO SALE VALUE(NULL, 72364648093519657, 38199, '20110202', 182, 18);
 INSERT INTO CUSTOMER VALUE(NULL, 'Estela', 'W', 'Brock', 247, '9122783726', 17903758825878888);
 INSERT INTO SALE VALUE(NULL, 17903758825878888, 25969, '20070204', 94, 19);
 INSERT INTO CUSTOMER VALUE(NULL, 'Harriet', 'F', 'Hyde', 408, '9199123653', 24673145908192620);
 INSERT INTO SALE VALUE(NULL, 24673145908192620, 20425, '20081126', 120, 20);
 INSERT INTO CUSTOMER VALUE(NULL, 'Murray', 'M', 'Bradley', 285, '81720027', 48016958220799708);
 INSERT INTO SALE VALUE(NULL, 48016958220799708, 36975, '20090209', 135, 21);
 INSERT INTO CUSTOMER VALUE(NULL, 'Elwood', 'E', 'Dorsey', 441, '703455663', 78417395635110198);
 INSERT INTO SALE VALUE(NULL, 78417395635110198, 16460, '20120504', 162, 22);
 INSERT INTO CUSTOMER VALUE(NULL, 'Estelle', 'Q', 'Mcmahon', 297, '6024125633', 47936921742499211);
 INSERT INTO SALE VALUE(NULL, 47936921742499211, 17728, '20070225', 72, 23);
 INSERT INTO CUSTOMER VALUE(NULL, 'Lavern', 'N', 'Mullins', 220, '3167106881', 14941190897382605);
 INSERT INTO SALE VALUE(NULL, 14941190897382605, 20202, '20030521', 175, 24);
 INSERT INTO CUSTOMER VALUE(NULL, 'Cory', 'Z', 'Sharp', 212, '3154047536', 42239405280791684);
 INSERT INTO SALE VALUE(NULL, 42239405280791684, 29578, '20120309', 21, 25);
 INSERT INTO CUSTOMER VALUE(NULL, 'Coleman', 'R', 'Weeks', 316, '6089092833', 45747775321799686);
 INSERT INTO SALE VALUE(NULL, 45747775321799686, 35887, '20130926', 78, 26);
 INSERT INTO CUSTOMER VALUE(NULL, 'Meredith', 'C', 'Morrison', 331, '6085749406', 80021983478478302);
 INSERT INTO SALE VALUE(NULL, 80021983478478302, 18350, '20100511', 220, 27);
 INSERT INTO CUSTOMER VALUE(NULL, 'Bette', 'V', 'Bennett', 220, '4146396426', 55305958538124039);
 INSERT INTO SALE VALUE(NULL, 55305958538124039, 24472, '20100419', 64, 28);
 INSERT INTO CUSTOMER VALUE(NULL, 'Elias', 'P', 'Erickson', 115, '5096847515', 16106941978005792);
 INSERT INTO SALE VALUE(NULL, 16106941978005792, 42768, '20100414', 42, 29);
 INSERT INTO CUSTOMER VALUE(NULL, 'Gwendolyn', 'T', 'Cabrera', 388, '7081877505', 62624468183444589);
 INSERT INTO SALE VALUE(NULL, 62624468183444589, 44002, '20080127', 70, 30);
 INSERT INTO CUSTOMER VALUE(NULL, 'Troy', 'Y', 'Horton', 331, '219372612', 75664584946661511);
 INSERT INTO SALE VALUE(NULL, 75664584946661511, 22345, '20090300', 183, 31);
 INSERT INTO CUSTOMER VALUE(NULL, 'Boris', 'D', 'Valencia', 451, '219306603', 51756537425667244);
 INSERT INTO SALE VALUE(NULL, 51756537425667244, 31689, '20041109', 108, 32);
 INSERT INTO CUSTOMER VALUE(NULL, 'Constance', 'G', 'Manning', 100, '9191093925', 61523293905727108);
 INSERT INTO SALE VALUE(NULL, 61523293905727108, 14628, '20080612', 190, 33);
 INSERT INTO CUSTOMER VALUE(NULL, 'Blair', 'H', 'Kirkland', 133, '6078407815', 85010233509427118);
 INSERT INTO SALE VALUE(NULL, 85010233509427118, 10708, '20121110', 64, 34);
 INSERT INTO CUSTOMER VALUE(NULL, 'Kathryn', 'R', 'Dodson', 283, '2192058484', 74643484099751218);
 INSERT INTO SALE VALUE(NULL, 74643484099751218, 19172, '20071015', 202, 35);
 INSERT INTO CUSTOMER VALUE(NULL, 'Rick', 'T', 'Henry', 192, '843688202', 34156413292263578);
 INSERT INTO SALE VALUE(NULL, 34156413292263578, 36478, '20040016', 187, 36);
 INSERT INTO CUSTOMER VALUE(NULL, 'Trenton', 'N', 'Meyer', 352, '2168906415', 80838975846460988);
 INSERT INTO SALE VALUE(NULL, 80838975846460988, 31458, '20120717', 223, 37);
 INSERT INTO CUSTOMER VALUE(NULL, 'Lourdes', 'E', 'Flynn', 387, '3121462078', 14451305211350026);
 INSERT INTO SALE VALUE(NULL, 14451305211350026, 29621, '20060718', 100, 38);
 INSERT INTO CUSTOMER VALUE(NULL, 'Carmine', 'V', 'Higgins', 391, '901861470', 58316032199333038);
 INSERT INTO SALE VALUE(NULL, 58316032199333038, 36837, '20040522', 59, 39);
 INSERT INTO CUSTOMER VALUE(NULL, 'Brandon', 'X', 'Mooney', 500, '5151085014', 35241954513578200);
 INSERT INTO SALE VALUE(NULL, 35241954513578200, 32182, '20041008', 20, 40);
 INSERT INTO CUSTOMER VALUE(NULL, 'Alvin', 'K', 'Lowery', 474, '2167865692', 58806991134474166);
 INSERT INTO SALE VALUE(NULL, 58806991134474166, 30634, '20100113', 182, 41);
 INSERT INTO CUSTOMER VALUE(NULL, 'Angelia', 'V', 'Bowen', 209, '6126224717', 69830078643205224);
 INSERT INTO SALE VALUE(NULL, 69830078643205224, 35683, '20090016', 96, 42);
 INSERT INTO CUSTOMER VALUE(NULL, 'Alejandro', 'F', 'Mcleod', 460, '9199868076', 77507680944913847);
 INSERT INTO SALE VALUE(NULL, 77507680944913847, 29747, '20070325', 164, 43);
 INSERT INTO CUSTOMER VALUE(NULL, 'Cristina', 'H', 'Patterson', 144, '6071788199', 37612822635670893);
 INSERT INTO SALE VALUE(NULL, 37612822635670893, 25158, '20110605', 19, 44);
 INSERT INTO CUSTOMER VALUE(NULL, 'Booker', 'T', 'Gordon', 480, '2161043128', 25369811171253433);
 INSERT INTO SALE VALUE(NULL, 25369811171253433, 40573, '20031015', 241, 45);
 INSERT INTO CUSTOMER VALUE(NULL, 'Addie', 'C', 'Irwin', 311, '5157068544', 56639710625616798);
 INSERT INTO SALE VALUE(NULL, 56639710625616798, 31746, '20030610', 149, 46);
 INSERT INTO CUSTOMER VALUE(NULL, 'Fletcher', 'A', 'Mann', 198, '31550463', 84684074390705269);
 INSERT INTO SALE VALUE(NULL, 84684074390705269, 32403, '20061005', 65, 47);
 INSERT INTO CUSTOMER VALUE(NULL, 'Nigel', 'N', 'Simon', 444, '5156742444', 80129878554328361);
 INSERT INTO SALE VALUE(NULL, 80129878554328361, 39191, '20110014', 58, 48);
 INSERT INTO CUSTOMER VALUE(NULL, 'Pearlie', 'E', 'Rodriguez', 249, '9011205919', 10244580704954293);
 INSERT INTO SALE VALUE(NULL, 10244580704954293, 21403, '20130602', 122, 49);
 INSERT INTO CUSTOMER VALUE(NULL, 'Florine', 'Q', 'May', 470, '8049257337', 59727809844684251);
 INSERT INTO SALE VALUE(NULL, 59727809844684251, 20432, '20101022', 112, 50);
 INSERT INTO CUSTOMER VALUE(NULL, 'Leslie', 'Q', 'Jones', 159, '2064943145', 34987713832756452);
 INSERT INTO SALE VALUE(NULL, 34987713832756452, 36169, '20110312', 133, 51);
 INSERT INTO CUSTOMER VALUE(NULL, 'Refugio', 'L', 'Patterson', 337, '901777914', 98111842662769420);
 INSERT INTO SALE VALUE(NULL, 98111842662769420, 43775, '20080118', 159, 52);
 INSERT INTO CUSTOMER VALUE(NULL, 'Andres', 'D', 'Adkins', 48, '3058016568', 39181652857141737);
 INSERT INTO SALE VALUE(NULL, 39181652857141737, 19739, '20121108', 221, 53);
 INSERT INTO CUSTOMER VALUE(NULL, 'Maribel', 'I', 'England', 337, '9081781849', 31782375821563992);
 INSERT INTO SALE VALUE(NULL, 31782375821563992, 38878, '20110824', 32, 54);
 INSERT INTO CUSTOMER VALUE(NULL, 'Ian', 'W', 'French', 479, '5136308759', 25063827974959846);
 INSERT INTO SALE VALUE(NULL, 25063827974959846, 34852, '20090805', 105, 55);
 INSERT INTO CUSTOMER VALUE(NULL, 'Maritza', 'D', 'Mckenzie', 498, '4091147062', 87251137526092457);
 INSERT INTO SALE VALUE(NULL, 87251137526092457, 11124, '20110004', 165, 56);
 INSERT INTO CUSTOMER VALUE(NULL, 'Dominique', 'K', 'Dunlap', 308, '9035412755', 65803335990227378);
 INSERT INTO SALE VALUE(NULL, 65803335990227378, 30078, '20080022', 64, 57);
 INSERT INTO CUSTOMER VALUE(NULL, 'Shelby', 'I', 'Reynolds', 299, '903924070', 09112136868470199);
 INSERT INTO SALE VALUE(NULL, 09112136868470199, 15417, '20080116', 30, 58);
 INSERT INTO CUSTOMER VALUE(NULL, 'Ivory', 'C', 'Cooke', 254, '9032853772', 92953136670664234);
 INSERT INTO SALE VALUE(NULL, 92953136670664234, 21982, '20110809', 244, 59);
 INSERT INTO CUSTOMER VALUE(NULL, 'Jerome', 'S', 'Moon', 273, '90334642', 55072810337590180);
 INSERT INTO SALE VALUE(NULL, 55072810337590180, 19887, '20080624', 188, 60);
 INSERT INTO CUSTOMER VALUE(NULL, 'Carole', 'Q', 'Barton', 352, '414880662', 80333777812135507);
 INSERT INTO SALE VALUE(NULL, 80333777812135507, 41196, '20050407', 99, 61);
 INSERT INTO CUSTOMER VALUE(NULL, 'Erna', 'D', 'Cain', 210, '708499259', 48134076511058167);
 INSERT INTO SALE VALUE(NULL, 48134076511058167, 32262, '20111104', 146, 62);
 INSERT INTO CUSTOMER VALUE(NULL, 'Cody', 'E', 'Gay', 37, '9191868931', 00833866831127995);
 INSERT INTO SALE VALUE(NULL, 00833866831127995, 42388, '20100619', 91, 63);
 INSERT INTO CUSTOMER VALUE(NULL, 'Pedro', 'W', 'Watts', 328, '4021974731', 09526512395869995);
 INSERT INTO SALE VALUE(NULL, 09526512395869995, 11639, '20070200', 65, 64);
 INSERT INTO CUSTOMER VALUE(NULL, 'Faustino', 'G', 'Parsons', 70, '9032316383', 49874016827742954);
 INSERT INTO SALE VALUE(NULL, 49874016827742954, 37761, '20130910', 122, 65);
 INSERT INTO CUSTOMER VALUE(NULL, 'Opal', 'O', 'Whitfield', 414, '9191134910', 03022439688904230);
 INSERT INTO SALE VALUE(NULL, 03022439688904230, 39170, '20070011', 95, 66);
 INSERT INTO CUSTOMER VALUE(NULL, 'Ira', 'C', 'Sykes', 188, '8177207257', 97973191942418701);
 INSERT INTO SALE VALUE(NULL, 97973191942418701, 10291, '20090203', 216, 67);
 INSERT INTO CUSTOMER VALUE(NULL, 'Bennett', 'B', 'Mcbride', 298, '9034755422', 63194989708553135);
 INSERT INTO SALE VALUE(NULL, 63194989708553135, 25178, '20090622', 51, 68);
 INSERT INTO CUSTOMER VALUE(NULL, 'Aline', 'K', 'Golden', 41, '305131579', 89351344297564258);
 INSERT INTO SALE VALUE(NULL, 89351344297564258, 34289, '20111103', 177, 69);
 INSERT INTO CUSTOMER VALUE(NULL, 'Graham', 'X', 'Morse', 428, '219429353', 96102747718892490);
 INSERT INTO SALE VALUE(NULL, 96102747718892490, 40130, '20051015', 233, 70);
 INSERT INTO CUSTOMER VALUE(NULL, 'Marcia', 'M', 'Spears', 313, '7088222965', 44431556229810965);
 INSERT INTO SALE VALUE(NULL, 44431556229810965, 22018, '20080820', 247, 71);
 INSERT INTO CUSTOMER VALUE(NULL, 'Mark', 'F', 'Mcintyre', 334, '2068975367', 64696020431096923);
 INSERT INTO SALE VALUE(NULL, 64696020431096923, 21551, '20110903', 154, 72);
 INSERT INTO CUSTOMER VALUE(NULL, 'Wendy', 'N', 'Ayala', 383, '7038773693', 20162733507190108);
 INSERT INTO SALE VALUE(NULL, 20162733507190108, 17099, '20080701', 111, 73);
 INSERT INTO CUSTOMER VALUE(NULL, 'Alison', 'I', 'Rodriquez', 323, '804367934', 55678161877747562);
 INSERT INTO SALE VALUE(NULL, 55678161877747562, 13560, '20130003', 247, 74);
 INSERT INTO CUSTOMER VALUE(NULL, 'Stella', 'V', 'Jarvis', 237, '6159474911', 36640800442790591);
 INSERT INTO SALE VALUE(NULL, 36640800442790591, 42369, '20100711', 156, 75);
 INSERT INTO CUSTOMER VALUE(NULL, 'Daryl', 'I', 'Mercer', 185, '5094995580', 66475766358267507);
 INSERT INTO SALE VALUE(NULL, 66475766358267507, 18823, '20040208', 5, 76);
 INSERT INTO CUSTOMER VALUE(NULL, 'Laverne', 'X', 'Nunez', 329, '2286986350', 43209338098873058);
 INSERT INTO SALE VALUE(NULL, 43209338098873058, 27360, '20060806', 45, 77);
 INSERT INTO CUSTOMER VALUE(NULL, 'Dawn', 'R', 'Shepard', 388, '3125978941', 36716988407268695);
 INSERT INTO SALE VALUE(NULL, 36716988407268695, 18318, '20080505', 50, 78);
 INSERT INTO CUSTOMER VALUE(NULL, 'Frankie', 'L', 'Bernard', 198, '5132928295', 15824483007227753);
 INSERT INTO SALE VALUE(NULL, 15824483007227753, 15589, '20061000', 162, 79);
 INSERT INTO CUSTOMER VALUE(NULL, 'Lily', 'H', 'Howell', 173, '2012235932', 16095702081527885);
 INSERT INTO SALE VALUE(NULL, 16095702081527885, 37866, '20100003', 139, 80);
 INSERT INTO CUSTOMER VALUE(NULL, 'Julius', 'C', 'Palmer', 237, '4088399340', 42596049818716627);
 INSERT INTO SALE VALUE(NULL, 42596049818716627, 11255, '20080926', 230, 81);
 INSERT INTO CUSTOMER VALUE(NULL, 'Kaye', 'X', 'Griffin', 134, '8142167076', 71381139592194368);
 INSERT INTO SALE VALUE(NULL, 71381139592194368, 32139, '20130320', 91, 82);
 INSERT INTO CUSTOMER VALUE(NULL, 'Rico', 'J', 'Jones', 8, '804514735', 40505385180235986);
 INSERT INTO SALE VALUE(NULL, 40505385180235986, 21399, '20130901', 23, 83);
 INSERT INTO CUSTOMER VALUE(NULL, 'Lillie', 'B', 'Daniels', 275, '3152478831', 68172026062235987);
 INSERT INTO SALE VALUE(NULL, 68172026062235987, 23273, '20101003', 78, 84);
 INSERT INTO CUSTOMER VALUE(NULL, 'Kate', 'S', 'Justice', 117, '3128307256', 28394071069336048);
 INSERT INTO SALE VALUE(NULL, 28394071069336048, 43718, '20050211', 155, 85);
 INSERT INTO CUSTOMER VALUE(NULL, 'Nichole', 'O', 'Cooper', 371, '315338627', 23774585728259797);
 INSERT INTO SALE VALUE(NULL, 23774585728259797, 10787, '20050002', 184, 86);
 INSERT INTO CUSTOMER VALUE(NULL, 'Olga', 'O', 'Nunez', 331, '8148844790', 08168071872521957);
 INSERT INTO SALE VALUE(NULL, 08168071872521957, 19633, '20100823', 97, 87);
 INSERT INTO CUSTOMER VALUE(NULL, 'Lena', 'Y', 'Poole', 344, '2065274621', 74788514223731249);
 INSERT INTO SALE VALUE(NULL, 74788514223731249, 27431, '20060101', 240, 88);
 INSERT INTO CUSTOMER VALUE(NULL, 'Gracie', 'Z', 'Whitley', 10, '4142359437', 29790255066376535);
 INSERT INTO SALE VALUE(NULL, 29790255066376535, 30172, '20060709', 174, 89);
 INSERT INTO CUSTOMER VALUE(NULL, 'Darnell', 'O', 'Johns', 179, '8048719457', 38736816700231061);
 INSERT INTO SALE VALUE(NULL, 38736816700231061, 19505, '20090718', 187, 90);
 INSERT INTO CUSTOMER VALUE(NULL, 'Cristina', 'J', 'Barnes', 92, '2014313151', 55693102193833155);
 INSERT INTO SALE VALUE(NULL, 55693102193833155, 34304, '20050925', 56, 91);
 INSERT INTO CUSTOMER VALUE(NULL, 'Curtis', 'K', 'Langley', 458, '2167454723', 36838765050978695);
 INSERT INTO SALE VALUE(NULL, 36838765050978695, 25253, '20050422', 102, 92);
 INSERT INTO CUSTOMER VALUE(NULL, 'Denis', 'Z', 'Franklin', 248, '4095263900', 28059392734560408);
 INSERT INTO SALE VALUE(NULL, 28059392734560408, 24438, '20120720', 116, 93);
 INSERT INTO CUSTOMER VALUE(NULL, 'Eliza', 'X', 'Hall', 220, '3173258043', 09301343875759481);
 INSERT INTO SALE VALUE(NULL, 09301343875759481, 12788, '20050508', 171, 94);
 INSERT INTO CUSTOMER VALUE(NULL, 'Levi', 'B', 'Black', 293, '5121135754', 85761577869078317);
 INSERT INTO SALE VALUE(NULL, 85761577869078317, 12572, '20080514', 120, 95);
 INSERT INTO CUSTOMER VALUE(NULL, 'Darla', 'Y', 'Stokes', 125, '7084844282', 19432136999048714);
 INSERT INTO SALE VALUE(NULL, 19432136999048714, 10163, '20071005', 228, 96);
 INSERT INTO CUSTOMER VALUE(NULL, 'Levi', 'U', 'Baird', 304, '9084784244', 07647457767958560);
 INSERT INTO SALE VALUE(NULL, 07647457767958560, 34363, '20060121', 129, 97);
 INSERT INTO CUSTOMER VALUE(NULL, 'Maggie', 'R', 'Glover', 167, '317764805', 36659814035084728);
 INSERT INTO SALE VALUE(NULL, 36659814035084728, 37125, '20100510', 146, 98);
 INSERT INTO CUSTOMER VALUE(NULL, 'Elsie', 'U', 'Heath', 91, '3159263995', 01315412170936162);
 INSERT INTO SALE VALUE(NULL, 01315412170936162, 39238, '20060404', 141, 99);
 INSERT INTO CUSTOMER VALUE(NULL, 'Kay', 'O', 'Cantu', 405, '3153367266', 02843351875846168);
 INSERT INTO SALE VALUE(NULL, 02843351875846168, 14872, '20120402', 135, 100);
 INSERT INTO CUSTOMER VALUE(NULL, 'Reyna', 'O', 'Gaines', 379, '914818860', 58009182947556702);
 INSERT INTO SALE VALUE(NULL, 58009182947556702, 43804, '20090213', 40, 101);
 INSERT INTO CUSTOMER VALUE(NULL, 'Consuelo', 'W', 'Chang', 321, '8177543307', 61410022359216690);
 INSERT INTO SALE VALUE(NULL, 61410022359216690, 24150, '20090321', 64, 102);
 INSERT INTO CUSTOMER VALUE(NULL, 'Amie', 'D', 'Olson', 366, '9192156435', 95884360052563517);
 INSERT INTO SALE VALUE(NULL, 95884360052563517, 32690, '20050900', 234, 103);
 INSERT INTO CUSTOMER VALUE(NULL, 'Kathrine', 'T', 'Serrano', 396, '2062686931', 01025383875142614);
 INSERT INTO SALE VALUE(NULL, 01025383875142614, 23627, '20100022', 80, 104);
 INSERT INTO CUSTOMER VALUE(NULL, 'Fran', 'D', 'Pugh', 400, '6025646454', 97623147098282444);
 INSERT INTO SALE VALUE(NULL, 97623147098282444, 24720, '20030625', 122, 105);
 INSERT INTO CUSTOMER VALUE(NULL, 'Tessa', 'Z', 'Newton', 467, '3128582590', 36812939416274828);
 INSERT INTO SALE VALUE(NULL, 36812939416274828, 13306, '20100517', 43, 106);
 INSERT INTO CUSTOMER VALUE(NULL, 'Julia', 'D', 'Walsh', 149, '4046323593', 37467575350839010);
 INSERT INTO SALE VALUE(NULL, 37467575350839010, 27451, '20070617', 45, 107);
 INSERT INTO CUSTOMER VALUE(NULL, 'Ron', 'D', 'Petersen', 126, '3153322192', 95708042945774676);
 INSERT INTO SALE VALUE(NULL, 95708042945774676, 16479, '20120015', 178, 108);
 INSERT INTO CUSTOMER VALUE(NULL, 'Mike', 'Z', 'Barker', 205, '3031634947', 85026183951622873);
 INSERT INTO SALE VALUE(NULL, 85026183951622873, 41468, '20061119', 241, 109);
 INSERT INTO CUSTOMER VALUE(NULL, 'Andres', 'S', 'Mcgowan', 88, '813390345', 30249668589870029);
 INSERT INTO SALE VALUE(NULL, 30249668589870029, 33899, '20070512', 97, 110);
 INSERT INTO CUSTOMER VALUE(NULL, 'Daniel', 'G', 'Medina', 181, '8146293236', 77317136215996145);
 INSERT INTO SALE VALUE(NULL, 77317136215996145, 34955, '20060713', 196, 111);
 INSERT INTO CUSTOMER VALUE(NULL, 'Elmer', 'U', 'Weiss', 24, '8136112578', 32679436142722711);
 INSERT INTO SALE VALUE(NULL, 32679436142722711, 33745, '20040305', 176, 112);
 INSERT INTO CUSTOMER VALUE(NULL, 'Hope', 'S', 'Grimes', 193, '3032445033', 02333302296193365);
 INSERT INTO SALE VALUE(NULL, 02333302296193365, 30925, '20100121', 232, 113);
 INSERT INTO CUSTOMER VALUE(NULL, 'Ola', 'A', 'Cross', 354, '2163406997', 14721512705135076);
 INSERT INTO SALE VALUE(NULL, 14721512705135076, 16946, '20081117', 198, 114);
 INSERT INTO CUSTOMER VALUE(NULL, 'Angel', 'I', 'Parker', 269, '903869900', 62813188621048116);
 INSERT INTO SALE VALUE(NULL, 62813188621048116, 19630, '20100222', 128, 115);
 INSERT INTO CUSTOMER VALUE(NULL, 'Barbara', 'I', 'Goff', 344, '4088493448', 26639880960924210);
 INSERT INTO SALE VALUE(NULL, 26639880960924210, 18540, '20131015', 131, 116);
 INSERT INTO CUSTOMER VALUE(NULL, 'Susie', 'M', 'Sears', 72, '8175335690', 66606603867520963);
 INSERT INTO SALE VALUE(NULL, 66606603867520963, 18817, '20050320', 35, 117);
 INSERT INTO CUSTOMER VALUE(NULL, 'Connie', 'L', 'Calderon', 35, '818699236', 84019108861277910);
 INSERT INTO SALE VALUE(NULL, 84019108861277910, 35784, '20110013', 70, 118);
 INSERT INTO CUSTOMER VALUE(NULL, 'Ed', 'F', 'Taylor', 287, '3051844426', 88599602377525664);
 INSERT INTO SALE VALUE(NULL, 88599602377525664, 14241, '20040211', 30, 119);
 INSERT INTO CUSTOMER VALUE(NULL, 'Roy', 'G', 'Hayden', 478, '8171987018', 95699791521173666);
 INSERT INTO SALE VALUE(NULL, 95699791521173666, 20491, '20050124', 203, 120);
 INSERT INTO CUSTOMER VALUE(NULL, 'Stuart', 'Y', 'Black', 466, '3172709706', 42095820931836943);
 INSERT INTO SALE VALUE(NULL, 42095820931836943, 15922, '20050604', 240, 121);
 INSERT INTO CUSTOMER VALUE(NULL, 'Harriet', 'U', 'Salazar', 391, '3156517423', 07573089446248324);
 INSERT INTO SALE VALUE(NULL, 07573089446248324, 10613, '20110506', 188, 122);
 INSERT INTO CUSTOMER VALUE(NULL, 'Damion', 'Q', 'Chase', 358, '4145649102', 63163339245875814);
 INSERT INTO SALE VALUE(NULL, 63163339245875814, 15401, '20101113', 3, 123);
 INSERT INTO CUSTOMER VALUE(NULL, 'Matthew', 'M', 'Head', 61, '3176542242', 42319876232495277);
 INSERT INTO SALE VALUE(NULL, 42319876232495277, 26666, '20070710', 131, 124);
 INSERT INTO CUSTOMER VALUE(NULL, 'Ali', 'U', 'Durham', 151, '5150242', 95615592848080086);
 INSERT INTO SALE VALUE(NULL, 95615592848080086, 36632, '20100118', 234, 125);
 INSERT INTO CUSTOMER VALUE(NULL, 'Deidre', 'S', 'Tate', 15, '5122146574', 86528343661287996);
 INSERT INTO SALE VALUE(NULL, 86528343661287996, 37254, '20131008', 102, 126);
 INSERT INTO CUSTOMER VALUE(NULL, 'Millard', 'M', 'Booker', 465, '5131278290', 24847990405806000);
 INSERT INTO SALE VALUE(NULL, 24847990405806000, 14513, '20060203', 237, 127);
 INSERT INTO CUSTOMER VALUE(NULL, 'Rob', 'T', 'Mendez', 50, '5093703413', 67288911662154295);
 INSERT INTO SALE VALUE(NULL, 67288911662154295, 27871, '20050722', 193, 128);
 INSERT INTO CUSTOMER VALUE(NULL, 'Kent', 'Q', 'Pollard', 397, '2164451886', 92893792802520004);
 INSERT INTO SALE VALUE(NULL, 92893792802520004, 17215, '20101002', 208, 129);
 INSERT INTO CUSTOMER VALUE(NULL, 'Antoine', 'V', 'Franks', 288, '216139502', 05908130829466137);
 INSERT INTO SALE VALUE(NULL, 05908130829466137, 17162, '20050219', 175, 130);
 INSERT INTO CUSTOMER VALUE(NULL, 'Gayle', 'K', 'Mcbride', 399, '2014516764', 42222444655978521);
 INSERT INTO SALE VALUE(NULL, 42222444655978521, 15345, '20070114', 12, 131);
 INSERT INTO CUSTOMER VALUE(NULL, 'Annabelle', 'I', 'Pacheco', 288, '4145756004', 32565785895245785);
 INSERT INTO SALE VALUE(NULL, 32565785895245785, 22649, '20030708', 59, 132);
 INSERT INTO CUSTOMER VALUE(NULL, 'Greg', 'L', 'Black', 362, '6129365949', 98160932279568342);
 INSERT INTO SALE VALUE(NULL, 98160932279568342, 23078, '20051005', 153, 133);
 INSERT INTO CUSTOMER VALUE(NULL, 'Marc', 'H', 'Nichols', 256, '5136384682', 24635029640670419);
 INSERT INTO SALE VALUE(NULL, 24635029640670419, 30904, '20121102', 12, 134);
 INSERT INTO CUSTOMER VALUE(NULL, 'Elma', 'Y', 'Alvarez', 158, '315684268', 31962466569067719);
 INSERT INTO SALE VALUE(NULL, 31962466569067719, 28810, '20040302', 213, 135);
 INSERT INTO CUSTOMER VALUE(NULL, 'Antoinette', 'V', 'Knox', 329, '9191032924', 11574055143122032);
 INSERT INTO SALE VALUE(NULL, 11574055143122032, 27453, '20130822', 161, 136);
 INSERT INTO CUSTOMER VALUE(NULL, 'Jewell', 'F', 'Hyde', 38, '9122142649', 64138255181370171);
 INSERT INTO SALE VALUE(NULL, 64138255181370171, 26437, '20131117', 86, 137);
 INSERT INTO CUSTOMER VALUE(NULL, 'Calvin', 'Q', 'Macias', 408, '3032679438', 32672341247356209);
 INSERT INTO SALE VALUE(NULL, 32672341247356209, 13384, '20080806', 74, 138);
 INSERT INTO CUSTOMER VALUE(NULL, 'Tisha', 'G', 'Beasley', 72, '8047183197', 58603846584717676);
 INSERT INTO SALE VALUE(NULL, 58603846584717676, 33842, '20070903', 90, 139);
 INSERT INTO CUSTOMER VALUE(NULL, 'Nickolas', 'W', 'Wise', 388, '5157103065', 18628713129762245);
 INSERT INTO SALE VALUE(NULL, 18628713129762245, 33810, '20090723', 113, 140);
 INSERT INTO CUSTOMER VALUE(NULL, 'Wm', 'Q', 'Terrell', 273, '3151846533', 33344050566160922);
 INSERT INTO SALE VALUE(NULL, 33344050566160922, 18775, '20051100', 19, 141);
 INSERT INTO CUSTOMER VALUE(NULL, 'Alexis', 'I', 'Peters', 302, '2062893161', 49196803326680918);
 INSERT INTO SALE VALUE(NULL, 49196803326680918, 39876, '20070923', 173, 142);
 INSERT INTO CUSTOMER VALUE(NULL, 'Shana', 'G', 'Newman', 105, '2013136062', 33410303546387539);
 INSERT INTO SALE VALUE(NULL, 33410303546387539, 13674, '20070815', 47, 143);
 INSERT INTO CUSTOMER VALUE(NULL, 'Gerardo', 'K', 'French', 381, '9129742403', 40214230439525447);
 INSERT INTO SALE VALUE(NULL, 40214230439525447, 34850, '20100401', 99, 144);
 INSERT INTO CUSTOMER VALUE(NULL, 'Ali', 'A', 'Snyder', 114, '8434944390', 25186316889486739);
 INSERT INTO SALE VALUE(NULL, 25186316889486739, 28753, '20071002', 100, 145);
 INSERT INTO CUSTOMER VALUE(NULL, 'Norma', 'M', 'Gallagher', 54, '6028251457', 81341535145346868);
 INSERT INTO SALE VALUE(NULL, 81341535145346868, 38945, '20130926', 75, 146);
 INSERT INTO CUSTOMER VALUE(NULL, 'Blanche', 'P', 'Hickman', 63, '2148351433', 39286330323039975);
 INSERT INTO SALE VALUE(NULL, 39286330323039975, 38827, '20060200', 120, 147);
 INSERT INTO CUSTOMER VALUE(NULL, 'Bertha', 'F', 'Henry', 30, '9012448982', 26454339844695733);
 INSERT INTO SALE VALUE(NULL, 26454339844695733, 15216, '20060002', 37, 148);
 INSERT INTO CUSTOMER VALUE(NULL, 'Anna', 'S', 'Sellers', 20, '5133276440', 17230511422877443);
 INSERT INTO SALE VALUE(NULL, 17230511422877443, 27421, '20110815', 65, 149);
 INSERT INTO CUSTOMER VALUE(NULL, 'Trudy', 'C', 'Stout', 11, '7033349414', 29074371595600717);
 INSERT INTO SALE VALUE(NULL, 29074371595600717, 11627, '20030909', 128, 150);
 INSERT INTO CUSTOMER VALUE(NULL, 'Carla', 'Y', 'Spears', 479, '3159311726', 83866958001932022);
 INSERT INTO SALE VALUE(NULL, 83866958001932022, 40895, '20050922', 50, 151);
 INSERT INTO CUSTOMER VALUE(NULL, 'Wendi', 'H', 'Leach', 420, '6083337725', 57615351380437814);
 INSERT INTO SALE VALUE(NULL, 57615351380437814, 20793, '20080311', 199, 152);
 INSERT INTO CUSTOMER VALUE(NULL, 'Rigoberto', 'Z', 'Foreman', 432, '5136888352', 30665059794489706);
 INSERT INTO SALE VALUE(NULL, 30665059794489706, 33180, '20070511', 180, 153);
 INSERT INTO CUSTOMER VALUE(NULL, 'Sofia', 'W', 'Kelley', 98, '602311746', 63305406885121254);
 INSERT INTO SALE VALUE(NULL, 63305406885121254, 44939, '20110821', 61, 154);
 INSERT INTO CUSTOMER VALUE(NULL, 'Dionne', 'Z', 'Harrington', 407, '512589569', 90129163784763787);
 INSERT INTO SALE VALUE(NULL, 90129163784763787, 13711, '20070309', 121, 155);
 INSERT INTO CUSTOMER VALUE(NULL, 'Consuelo', 'B', 'Schmidt', 477, '9082819256', 85360292057789522);
 INSERT INTO SALE VALUE(NULL, 85360292057789522, 24820, '20060119', 242, 156);
 INSERT INTO CUSTOMER VALUE(NULL, 'Corey', 'X', 'Dudley', 400, '804134762', 69233986564897972);
 INSERT INTO SALE VALUE(NULL, 69233986564897972, 14298, '20041107', 197, 157);
 INSERT INTO CUSTOMER VALUE(NULL, 'Gale', 'M', 'Weber', 470, '214871446', 60594580959483921);
 INSERT INTO SALE VALUE(NULL, 60594580959483921, 42456, '20120023', 6, 158);
 INSERT INTO CUSTOMER VALUE(NULL, 'Clara', 'J', 'Price', 236, '4098035767', 07802480161960118);
 INSERT INTO SALE VALUE(NULL, 07802480161960118, 40980, '20120700', 202, 159);
 INSERT INTO CUSTOMER VALUE(NULL, 'Kory', 'G', 'Bates', 213, '8041149498', 27407571724589232);
 INSERT INTO SALE VALUE(NULL, 27407571724589232, 31427, '20070904', 223, 160);
 INSERT INTO CUSTOMER VALUE(NULL, 'Zelma', 'N', 'Soto', 77, '3151833580', 89447738539349538);
 INSERT INTO SALE VALUE(NULL, 89447738539349538, 22471, '20100711', 159, 161);
 INSERT INTO CUSTOMER VALUE(NULL, 'Traci', 'A', 'Wallace', 102, '2282602180', 21753153157735356);
 INSERT INTO SALE VALUE(NULL, 21753153157735356, 21342, '20080903', 156, 162);
 INSERT INTO CUSTOMER VALUE(NULL, 'Terrell', 'F', 'Medina', 246, '2197726986', 28737115065520649);
 INSERT INTO SALE VALUE(NULL, 28737115065520649, 14277, '20130710', 84, 163);
 INSERT INTO CUSTOMER VALUE(NULL, 'Cleo', 'E', 'Wall', 457, '305471241', 49640456071607025);
 INSERT INTO SALE VALUE(NULL, 49640456071607025, 18643, '20060417', 108, 164);
 INSERT INTO CUSTOMER VALUE(NULL, 'Maryann', 'A', 'Craft', 176, '6082222674', 38313930513666760);
 INSERT INTO SALE VALUE(NULL, 38313930513666760, 16820, '20070508', 82, 165);
 INSERT INTO CUSTOMER VALUE(NULL, 'Gilberto', 'N', 'Merritt', 216, '6152348113', 89211341864624543);
 INSERT INTO SALE VALUE(NULL, 89211341864624543, 34379, '20030718', 113, 166);
 INSERT INTO CUSTOMER VALUE(NULL, 'Audra', 'Q', 'Glover', 219, '4095515017', 10817405943285869);
 INSERT INTO SALE VALUE(NULL, 10817405943285869, 13989, '20080108', 49, 167);
 INSERT INTO CUSTOMER VALUE(NULL, 'Humberto', 'R', 'Travis', 153, '8144878461', 26886566555354594);
 INSERT INTO SALE VALUE(NULL, 26886566555354594, 17090, '20050803', 192, 168);
 INSERT INTO CUSTOMER VALUE(NULL, 'Corina', 'T', 'Fitzpatrick', 180, '3056188370', 17103733859090504);
 INSERT INTO SALE VALUE(NULL, 17103733859090504, 15643, '20110618', 70, 169);
 INSERT INTO CUSTOMER VALUE(NULL, 'Merle', 'C', 'David', 155, '612817798', 76496946724000072);
 INSERT INTO SALE VALUE(NULL, 76496946724000072, 41576, '20050112', 199, 170);
 INSERT INTO CUSTOMER VALUE(NULL, 'Junior', 'B', 'Schultz', 410, '2018669918', 76165424988425823);
 INSERT INTO SALE VALUE(NULL, 76165424988425823, 18360, '20050018', 24, 171);
 INSERT INTO CUSTOMER VALUE(NULL, 'Kelvin', 'F', 'Bird', 429, '615803477', 83799804137589972);
 INSERT INTO SALE VALUE(NULL, 83799804137589972, 28991, '20120522', 31, 172);
 INSERT INTO CUSTOMER VALUE(NULL, 'Harlan', 'E', 'Lester', 256, '6027455576', 25525366162956268);
 INSERT INTO SALE VALUE(NULL, 25525366162956268, 18900, '20031015', 1, 173);
 INSERT INTO CUSTOMER VALUE(NULL, 'Dale', 'Q', 'Myers', 227, '21645058', 68933728493153848);
 INSERT INTO SALE VALUE(NULL, 68933728493153848, 31696, '20050112', 162, 174);
 INSERT INTO CUSTOMER VALUE(NULL, 'Helene', 'X', 'Estrada', 52, '2165904369', 11615568237316573);
 INSERT INTO SALE VALUE(NULL, 11615568237316573, 32383, '20130517', 96, 175);
 INSERT INTO CUSTOMER VALUE(NULL, 'Kip', 'F', 'Guerrero', 449, '3155143523', 32436646638763611);
 INSERT INTO SALE VALUE(NULL, 32436646638763611, 27975, '20110810', 167, 176);
 INSERT INTO CUSTOMER VALUE(NULL, 'Kenton', 'D', 'Cleveland', 396, '8048726529', 90691334324423374);
 INSERT INTO SALE VALUE(NULL, 90691334324423374, 29430, '20060014', 81, 177);
 INSERT INTO CUSTOMER VALUE(NULL, 'Hilary', 'Y', 'Forbes', 25, '2069169091', 99444758236800703);
 INSERT INTO SALE VALUE(NULL, 99444758236800703, 15183, '20090913', 147, 178);
 INSERT INTO CUSTOMER VALUE(NULL, 'Sherrie', 'E', 'Cherry', 476, '919313792', 26547311583951137);
 INSERT INTO SALE VALUE(NULL, 26547311583951137, 42265, '20100405', 83, 179);
 INSERT INTO CUSTOMER VALUE(NULL, 'Trevor', 'A', 'Tanner', 463, '8046692282', 30963552023466519);
 INSERT INTO SALE VALUE(NULL, 30963552023466519, 26888, '20090706', 55, 180);
 INSERT INTO CUSTOMER VALUE(NULL, 'Freeman', 'U', 'Shepherd', 343, '5186881949', 51773820179779711);
 INSERT INTO SALE VALUE(NULL, 51773820179779711, 38518, '20121111', 16, 181);
 INSERT INTO CUSTOMER VALUE(NULL, 'Buford', 'V', 'Rivas', 481, '5105509882', 61236750110653421);
 INSERT INTO SALE VALUE(NULL, 61236750110653421, 31977, '20041013', 213, 182);
 INSERT INTO CUSTOMER VALUE(NULL, 'Margret', 'A', 'Watkins', 143, '8187991527', 57636640916548357);
 INSERT INTO SALE VALUE(NULL, 57636640916548357, 33323, '20050700', 169, 183);
 INSERT INTO CUSTOMER VALUE(NULL, 'Reginald', 'T', 'Parsons', 475, '7038204746', 70011097390967620);
 INSERT INTO SALE VALUE(NULL, 70011097390967620, 11043, '20030117', 234, 184);
 INSERT INTO CUSTOMER VALUE(NULL, 'Liza', 'T', 'Carter', 108, '843131413', 13276010601512043);
 INSERT INTO SALE VALUE(NULL, 13276010601512043, 16630, '20080908', 226, 185);
 INSERT INTO CUSTOMER VALUE(NULL, 'Rickie', 'M', 'Quinn', 473, '7089763565', 66616141264162455);
 INSERT INTO SALE VALUE(NULL, 66616141264162455, 19744, '20060723', 41, 186);
 INSERT INTO CUSTOMER VALUE(NULL, 'Kate', 'G', 'Osborn', 250, '4041693981', 45249938506647948);
 INSERT INTO SALE VALUE(NULL, 45249938506647948, 40825, '20120314', 183, 187);
 INSERT INTO CUSTOMER VALUE(NULL, 'Meredith', 'M', 'Gates', 325, '3053375325', 70404264571411225);
 INSERT INTO SALE VALUE(NULL, 70404264571411225, 22157, '20060115', 153, 188);
 INSERT INTO CUSTOMER VALUE(NULL, 'Ruth', 'D', 'Roman', 214, '8149789674', 15335824467513817);
 INSERT INTO SALE VALUE(NULL, 15335824467513817, 30841, '20050908', 36, 189);
 INSERT INTO CUSTOMER VALUE(NULL, 'Justine', 'F', 'Lambert', 409, '9196167701', 45909155616588673);
 INSERT INTO SALE VALUE(NULL, 45909155616588673, 25280, '20111126', 155, 190);
 INSERT INTO CUSTOMER VALUE(NULL, 'Oliver', 'X', 'Browning', 363, '316546217', 40920439046623641);
 INSERT INTO SALE VALUE(NULL, 40920439046623641, 11803, '20030121', 175, 191);
 INSERT INTO CUSTOMER VALUE(NULL, 'Carol', 'V', 'Murray', 39, '2162082498', 73806944554496879);
 INSERT INTO SALE VALUE(NULL, 73806944554496879, 25376, '20090315', 117, 192);
 INSERT INTO CUSTOMER VALUE(NULL, 'Gary', 'S', 'Harrison', 204, '5183837404', 39133907420531070);
 INSERT INTO SALE VALUE(NULL, 39133907420531070, 10662, '20081018', 211, 193);
 INSERT INTO CUSTOMER VALUE(NULL, 'Reva', 'A', 'Ortiz', 458, '515854838', 37052732209189539);
 INSERT INTO SALE VALUE(NULL, 37052732209189539, 22760, '20090322', 137, 194);
 INSERT INTO CUSTOMER VALUE(NULL, 'Adam', 'F', 'Reilly', 79, '214493266', 20399679002169664);
 INSERT INTO SALE VALUE(NULL, 20399679002169664, 23092, '20070806', 209, 195);
 INSERT INTO CUSTOMER VALUE(NULL, 'Andres', 'I', 'Miles', 364, '9147066746', 63570265896046887);
 INSERT INTO SALE VALUE(NULL, 63570265896046887, 19455, '20070009', 124, 196);
 INSERT INTO CUSTOMER VALUE(NULL, 'Ramon', 'Q', 'Dale', 421, '9124582287', 35823578422296407);
 INSERT INTO SALE VALUE(NULL, 35823578422296407, 33287, '20111124', 124, 197);
 INSERT INTO CUSTOMER VALUE(NULL, 'Ross', 'I', 'Fitzgerald', 498, '4045425644', 94706117202640266);
 INSERT INTO SALE VALUE(NULL, 94706117202640266, 31562, '20070916', 72, 198);
 INSERT INTO CUSTOMER VALUE(NULL, 'Emilio', 'R', 'Preston', 112, '8174306806', 97998743970321728);
 INSERT INTO SALE VALUE(NULL, 97998743970321728, 14200, '20070910', 210, 199);
 INSERT INTO CUSTOMER VALUE(NULL, 'Hung', 'I', 'Leblanc', 353, '509888292', 49059491681254016);
 INSERT INTO SALE VALUE(NULL, 49059491681254016, 39687, '20061116', 110, 200);
 INSERT INTO CUSTOMER VALUE(NULL, 'Evelyn', 'V', 'Hardy', 386, '6088553399', 45868899748479875);
 INSERT INTO SALE VALUE(NULL, 45868899748479875, 34661, '20080022', 91, 201);
 INSERT INTO CUSTOMER VALUE(NULL, 'Elma', 'V', 'Willis', 14, '9195205475', 49954303394067347);
 INSERT INTO SALE VALUE(NULL, 49954303394067347, 42257, '20040110', 50, 202);
 INSERT INTO CUSTOMER VALUE(NULL, 'Leann', 'D', 'Thornton', 114, '5159326079', 23456659061359552);
 INSERT INTO SALE VALUE(NULL, 23456659061359552, 40735, '20050214', 5, 203);
 INSERT INTO CUSTOMER VALUE(NULL, 'Annabelle', 'W', 'Livingston', 442, '4143415708', 79197571437063360);
 INSERT INTO SALE VALUE(NULL, 79197571437063360, 18270, '20090100', 130, 204);
 INSERT INTO CUSTOMER VALUE(NULL, 'Dale', 'X', 'Dorsey', 393, '3053288927', 38729837972658810);
 INSERT INTO SALE VALUE(NULL, 38729837972658810, 27813, '20040016', 223, 205);
 INSERT INTO CUSTOMER VALUE(NULL, 'Herschel', 'Q', 'Juarez', 129, '2286863678', 76059853332035912);
 INSERT INTO SALE VALUE(NULL, 76059853332035912, 27075, '20121006', 14, 206);
 INSERT INTO CUSTOMER VALUE(NULL, 'Shawna', 'P', 'Nelson', 29, '2191469754', 71253571269773187);
 INSERT INTO SALE VALUE(NULL, 71253571269773187, 38832, '20120911', 214, 207);
 INSERT INTO CUSTOMER VALUE(NULL, 'Scott', 'L', 'Soto', 240, '2143346746', 11681744965457353);
 INSERT INTO SALE VALUE(NULL, 11681744965457353, 23275, '20120125', 68, 208);
 INSERT INTO CUSTOMER VALUE(NULL, 'Mathew', 'R', 'Coffey', 84, '8436872359', 59826324401490036);
 INSERT INTO SALE VALUE(NULL, 59826324401490036, 15515, '20070903', 82, 209);
 INSERT INTO CUSTOMER VALUE(NULL, 'Dewitt', 'C', 'Forbes', 25, '8439815905', 24550487150415623);
 INSERT INTO SALE VALUE(NULL, 24550487150415623, 26407, '20060907', 76, 210);
 INSERT INTO CUSTOMER VALUE(NULL, 'Humberto', 'O', 'Terry', 115, '6155701417', 84838560640728451);
 INSERT INTO SALE VALUE(NULL, 84838560640728451, 23230, '20120921', 75, 211);
 INSERT INTO CUSTOMER VALUE(NULL, 'Nathan', 'E', 'Swanson', 437, '518201945', 05691251502828637);
 INSERT INTO SALE VALUE(NULL, 05691251502828637, 31122, '20090911', 76, 212);
 INSERT INTO CUSTOMER VALUE(NULL, 'Rufus', 'O', 'Wolfe', 296, '4082786463', 95411873729534118);
 INSERT INTO SALE VALUE(NULL, 95411873729534118, 14700, '20080006', 74, 213);
 INSERT INTO CUSTOMER VALUE(NULL, 'Abdul', 'J', 'Parks', 352, '4048478239', 24022701457481743);
 INSERT INTO SALE VALUE(NULL, 24022701457481743, 32672, '20110421', 158, 214);
 INSERT INTO CUSTOMER VALUE(NULL, 'Angie', 'O', 'Carrillo', 408, '6071498245', 98082658625308683);
 INSERT INTO SALE VALUE(NULL, 98082658625308683, 17136, '20050408', 140, 215);
 INSERT INTO CUSTOMER VALUE(NULL, 'Cornell', 'L', 'Baird', 433, '7035537896', 18204672065204309);
 INSERT INTO SALE VALUE(NULL, 18204672065204309, 43154, '20040312', 196, 216);
 INSERT INTO CUSTOMER VALUE(NULL, 'Sofia', 'H', 'Vance', 328, '9196372288', 46487725010659904);
 INSERT INTO SALE VALUE(NULL, 46487725010659904, 34419, '20100009', 158, 217);
 INSERT INTO CUSTOMER VALUE(NULL, 'Rosemary', 'M', 'Turner', 102, '2167739158', 17147189211034484);
 INSERT INTO SALE VALUE(NULL, 17147189211034484, 20287, '20090711', 182, 218);
 INSERT INTO CUSTOMER VALUE(NULL, 'Patricia', 'C', 'Torres', 344, '3178879830', 61548419070075617);
 INSERT INTO SALE VALUE(NULL, 61548419070075617, 30531, '20040216', 226, 219);
 INSERT INTO CUSTOMER VALUE(NULL, 'Gil', 'U', 'Mcfadden', 414, '9141057519', 80123352986955375);
 INSERT INTO SALE VALUE(NULL, 80123352986955375, 41021, '20050008', 153, 220);
 INSERT INTO CUSTOMER VALUE(NULL, 'Katy', 'U', 'Nichols', 480, '5098066309', 20219349980337829);
 INSERT INTO SALE VALUE(NULL, 20219349980337829, 19758, '20080226', 148, 221);
 INSERT INTO CUSTOMER VALUE(NULL, 'Gale', 'N', 'Fernandez', 371, '4148907154', 24701441193510389);
 INSERT INTO SALE VALUE(NULL, 24701441193510389, 42180, '20100724', 108, 222);
 INSERT INTO CUSTOMER VALUE(NULL, 'Alvin', 'R', 'Guzman', 498, '6125473376', 73331806907182909);
 INSERT INTO SALE VALUE(NULL, 73331806907182909, 19973, '20090218', 107, 223);
 INSERT INTO CUSTOMER VALUE(NULL, 'Sherri', 'Q', 'Knowles', 345, '7083265559', 07091954179302662);
 INSERT INTO SALE VALUE(NULL, 07091954179302662, 18878, '20100625', 134, 224);
 INSERT INTO CUSTOMER VALUE(NULL, 'Coleen', 'F', 'Vang', 356, '9144854017', 33025009904313094);
 INSERT INTO SALE VALUE(NULL, 33025009904313094, 34349, '20040218', 99, 225);
 INSERT INTO CUSTOMER VALUE(NULL, 'Aisha', 'Y', 'Gregory', 448, '9127827661', 75810068731113153);
 INSERT INTO SALE VALUE(NULL, 75810068731113153, 22349, '20081114', 105, 226);
 INSERT INTO CUSTOMER VALUE(NULL, 'Janice', 'K', 'Willis', 242, '8435873402', 44535465445255423);
 INSERT INTO SALE VALUE(NULL, 44535465445255423, 17931, '20080419', 76, 227);
 INSERT INTO CUSTOMER VALUE(NULL, 'Pamela', 'G', 'Newman', 258, '5103229538', 71726472266596745);
 INSERT INTO SALE VALUE(NULL, 71726472266596745, 18145, '20030205', 198, 228);
 INSERT INTO CUSTOMER VALUE(NULL, 'Thad', 'L', 'Carson', 229, '317348639', 61852157573971871);
 INSERT INTO SALE VALUE(NULL, 61852157573971871, 44420, '20110918', 21, 229);
 INSERT INTO CUSTOMER VALUE(NULL, 'Imogene', 'Y', 'Nielsen', 104, '401753917', 90990241231878939);
 INSERT INTO SALE VALUE(NULL, 90990241231878939, 23183, '20070401', 122, 230);
 INSERT INTO CUSTOMER VALUE(NULL, 'Vivian', 'F', 'Vazquez', 105, '201535918', 87766541471170887);
 INSERT INTO SALE VALUE(NULL, 87766541471170887, 22094, '20130510', 225, 231);
 INSERT INTO CUSTOMER VALUE(NULL, 'Teddy', 'A', 'Barker', 59, '41460247', 90257837462514309);
 INSERT INTO SALE VALUE(NULL, 90257837462514309, 34516, '20100605', 149, 232);
 INSERT INTO CUSTOMER VALUE(NULL, 'Diego', 'X', 'Sosa', 349, '6024792460', 79512833903663909);
 INSERT INTO SALE VALUE(NULL, 79512833903663909, 30961, '20070221', 48, 233);
 INSERT INTO CUSTOMER VALUE(NULL, 'Josephine', 'C', 'Oconnor', 164, '2169132548', 63052480847090180);
 INSERT INTO SALE VALUE(NULL, 63052480847090180, 26851, '20110123', 33, 234);
 INSERT INTO CUSTOMER VALUE(NULL, 'Jeannie', 'K', 'Shepherd', 101, '3165244787', 58098945721213516);
 INSERT INTO SALE VALUE(NULL, 58098945721213516, 34901, '20050005', 1, 235);
 INSERT INTO CUSTOMER VALUE(NULL, 'Lemuel', 'L', 'Chang', 88, '6025225866', 66502391852299324);
 INSERT INTO SALE VALUE(NULL, 66502391852299324, 29955, '20090605', 69, 236);
 INSERT INTO CUSTOMER VALUE(NULL, 'Dixie', 'D', 'Noel', 347, '6124465386', 15464519597585085);
 INSERT INTO SALE VALUE(NULL, 15464519597585085, 42039, '20110617', 28, 237);
 INSERT INTO CUSTOMER VALUE(NULL, 'Preston', 'J', 'Alvarez', 419, '2063734657', 60641822132945023);
 INSERT INTO SALE VALUE(NULL, 60641822132945023, 38396, '20130114', 104, 238);
 INSERT INTO CUSTOMER VALUE(NULL, 'Marcelo', 'C', 'Potts', 468, '6075375424', 33160225694462633);
 INSERT INTO SALE VALUE(NULL, 33160225694462633, 18502, '20090007', 216, 239);
 INSERT INTO CUSTOMER VALUE(NULL, 'David', 'K', 'Bray', 181, '708839868', 45505805300282661);
 INSERT INTO SALE VALUE(NULL, 45505805300282661, 34001, '20050300', 56, 240);
 INSERT INTO CUSTOMER VALUE(NULL, 'Ella', 'W', 'Albert', 197, '5183075629', 45265889141239689);
 INSERT INTO SALE VALUE(NULL, 45265889141239689, 11555, '20071121', 228, 241);
 INSERT INTO CUSTOMER VALUE(NULL, 'Stefanie', 'H', 'Mcmillan', 399, '3153228011', 93445669700934688);
 INSERT INTO SALE VALUE(NULL, 93445669700934688, 27943, '20090313', 125, 242);
 INSERT INTO CUSTOMER VALUE(NULL, 'Velma', 'Y', 'Robles', 196, '9149124999', 19037742492438591);
 INSERT INTO SALE VALUE(NULL, 19037742492438591, 12455, '20130415', 210, 243);
 INSERT INTO CUSTOMER VALUE(NULL, 'Jackie', 'O', 'Conner', 10, '31646653', 05832499172743192);
 INSERT INTO SALE VALUE(NULL, 05832499172743192, 42226, '20080707', 91, 244);
 INSERT INTO CUSTOMER VALUE(NULL, 'Mindy', 'M', 'Miller', 415, '9082016676', 64361321932563885);
 INSERT INTO SALE VALUE(NULL, 64361321932563885, 26765, '20120323', 63, 245);
 INSERT INTO CUSTOMER VALUE(NULL, 'Nichole', 'W', 'Finley', 2, '201540832', 39481348635563536);
 INSERT INTO SALE VALUE(NULL, 39481348635563536, 21415, '20061105', 15, 246);
 INSERT INTO CUSTOMER VALUE(NULL, 'Marquita', 'L', 'Marks', 42, '315923110', 49333775741666758);
 INSERT INTO SALE VALUE(NULL, 49333775741666758, 34388, '20071100', 60, 247);
 INSERT INTO CUSTOMER VALUE(NULL, 'Moises', 'I', 'Britt', 349, '81355688', 92151192875314998);
 INSERT INTO SALE VALUE(NULL, 92151192875314998, 31468, '20070404', 18, 248);
 INSERT INTO CUSTOMER VALUE(NULL, 'Jessica', 'K', 'Mack', 232, '9197845863', 96784117568724419);
 INSERT INTO SALE VALUE(NULL, 96784117568724419, 13468, '20060804', 167, 249);
 INSERT INTO CUSTOMER VALUE(NULL, 'Kelly', 'V', 'Curtis', 137, '4011866869', 71701262572280397);
 INSERT INTO SALE VALUE(NULL, 71701262572280397, 36501, '20111114', 92, 250);
 INSERT INTO CUSTOMER VALUE(NULL, 'Jamie', 'K', 'Puckett', 356, '5131771832', 03723306083849123);
 INSERT INTO SALE VALUE(NULL, 03723306083849123, 13642, '20110901', 104, 251);
 INSERT INTO CUSTOMER VALUE(NULL, 'Oliver', 'A', 'Donovan', 116, '8434321006', 98881667127250012);
 INSERT INTO SALE VALUE(NULL, 98881667127250012, 30289, '20050025', 42, 252);
 INSERT INTO CUSTOMER VALUE(NULL, 'Kathy', 'U', 'Sosa', 119, '2067768599', 40015903919479034);
 INSERT INTO SALE VALUE(NULL, 40015903919479034, 16517, '20031104', 58, 253);
 INSERT INTO CUSTOMER VALUE(NULL, 'Andre', 'N', 'Emerson', 18, '5099589700', 31802762697406878);
 INSERT INTO SALE VALUE(NULL, 31802762697406878, 33342, '20070410', 153, 254);
 INSERT INTO CUSTOMER VALUE(NULL, 'Weldon', 'B', 'Goodman', 307, '7086181880', 10307513709830750);
 INSERT INTO SALE VALUE(NULL, 10307513709830750, 38051, '20090721', 210, 255);
 INSERT INTO CUSTOMER VALUE(NULL, 'Russell', 'F', 'Slater', 483, '2287503376', 82281883101583819);
 INSERT INTO SALE VALUE(NULL, 82281883101583819, 25286, '20060518', 80, 256);
 INSERT INTO CUSTOMER VALUE(NULL, 'Delia', 'Y', 'Valdez', 238, '4086623497', 60890744010553721);
 INSERT INTO SALE VALUE(NULL, 60890744010553721, 13742, '20040705', 138, 257);
 INSERT INTO CUSTOMER VALUE(NULL, 'Genevieve', 'U', 'Meyer', 476, '8431293126', 02571350170052391);
 INSERT INTO SALE VALUE(NULL, 02571350170052391, 24586, '20130412', 214, 258);
 INSERT INTO CUSTOMER VALUE(NULL, 'Lorraine', 'U', 'Rutledge', 244, '206919209', 76476539996058447);
 INSERT INTO SALE VALUE(NULL, 76476539996058447, 31022, '20100509', 127, 259);
 INSERT INTO CUSTOMER VALUE(NULL, 'Gale', 'Z', 'Deleon', 488, '2197506114', 53297007662631190);
 INSERT INTO SALE VALUE(NULL, 53297007662631190, 37921, '20100927', 56, 260);
 INSERT INTO CUSTOMER VALUE(NULL, 'Dirk', 'T', 'Sharp', 104, '4141651360', 52918193888130895);
 INSERT INTO SALE VALUE(NULL, 52918193888130895, 38105, '20070625', 132, 261);
 INSERT INTO CUSTOMER VALUE(NULL, 'Jermaine', 'S', 'Mann', 28, '6026748628', 31585206851332940);
 INSERT INTO SALE VALUE(NULL, 31585206851332940, 33254, '20080607', 27, 262);
 INSERT INTO CUSTOMER VALUE(NULL, 'Hugh', 'H', 'Preston', 289, '5153276652', 57237237386972684);
 INSERT INTO SALE VALUE(NULL, 57237237386972684, 13573, '20050401', 94, 263);
 INSERT INTO CUSTOMER VALUE(NULL, 'Andres', 'G', 'Bridges', 26, '316713638', 08754496869281053);
 INSERT INTO SALE VALUE(NULL, 08754496869281053, 15976, '20080619', 64, 264);
 INSERT INTO CUSTOMER VALUE(NULL, 'Guy', 'D', 'Tucker', 224, '6085758885', 48743163787130759);
 INSERT INTO SALE VALUE(NULL, 48743163787130759, 20689, '20070320', 144, 265);
 INSERT INTO CUSTOMER VALUE(NULL, 'Earl', 'C', 'Murray', 160, '2142382593', 77120353107491509);
 INSERT INTO SALE VALUE(NULL, 77120353107491509, 40101, '20060727', 122, 266);
 INSERT INTO CUSTOMER VALUE(NULL, 'Brant', 'Y', 'Hays', 100, '7089495619', 05333945488176161);
 INSERT INTO SALE VALUE(NULL, 05333945488176161, 22591, '20040000', 60, 267);
 INSERT INTO CUSTOMER VALUE(NULL, 'Yesenia', 'A', 'Villarreal', 309, '4047819181', 77050585989407087);
 INSERT INTO SALE VALUE(NULL, 77050585989407087, 35242, '20090510', 223, 268);
 INSERT INTO CUSTOMER VALUE(NULL, 'Charmaine', 'O', 'Jacobs', 195, '214639262', 56559057960979392);
 INSERT INTO SALE VALUE(NULL, 56559057960979392, 30675, '20041107', 91, 269);
 INSERT INTO CUSTOMER VALUE(NULL, 'Mona', 'M', 'Hebert', 275, '7038755417', 93310684408322786);
 INSERT INTO SALE VALUE(NULL, 93310684408322786, 32536, '20041100', 99, 270);
 INSERT INTO CUSTOMER VALUE(NULL, 'Jayne', 'M', 'Fischer', 11, '3057347986', 10630054569102551);
 INSERT INTO SALE VALUE(NULL, 10630054569102551, 43930, '20080401', 81, 271);
 INSERT INTO CUSTOMER VALUE(NULL, 'Elvia', 'C', 'Haynes', 133, '4018397285', 72684900859057562);
 INSERT INTO SALE VALUE(NULL, 72684900859057562, 11190, '20120226', 127, 272);
 INSERT INTO CUSTOMER VALUE(NULL, 'Robby', 'O', 'Whitney', 327, '4088911515', 69721262359391206);
 INSERT INTO SALE VALUE(NULL, 69721262359391206, 10407, '20091023', 83, 273);
 INSERT INTO CUSTOMER VALUE(NULL, 'Jamal', 'G', 'Lang', 377, '3157022651', 47242044219956288);
 INSERT INTO SALE VALUE(NULL, 47242044219956288, 31871, '20121024', 28, 274);
 INSERT INTO CUSTOMER VALUE(NULL, 'Cheryl', 'F', 'Black', 67, '3129148338', 42925377046223965);
 INSERT INTO SALE VALUE(NULL, 42925377046223965, 29428, '20121007', 41, 275);
 INSERT INTO CUSTOMER VALUE(NULL, 'Richard', 'D', 'Rodriquez', 441, '9199438711', 59669384075808649);
 INSERT INTO SALE VALUE(NULL, 59669384075808649, 26167, '20091105', 137, 276);
 INSERT INTO CUSTOMER VALUE(NULL, 'Louella', 'F', 'Nash', 34, '7039424855', 86255679131481799);
 INSERT INTO SALE VALUE(NULL, 86255679131481799, 14531, '20130718', 18, 277);
 INSERT INTO CUSTOMER VALUE(NULL, 'Tyler', 'W', 'Schroeder', 31, '9197945940', 20376012307502549);
 INSERT INTO SALE VALUE(NULL, 20376012307502549, 29722, '20030923', 38, 278);
 INSERT INTO CUSTOMER VALUE(NULL, 'Andres', 'M', 'Hernandez', 116, '813717996', 97830740024585216);
 INSERT INTO SALE VALUE(NULL, 97830740024585216, 39181, '20111125', 102, 279);
 INSERT INTO CUSTOMER VALUE(NULL, 'Ethan', 'Z', 'Wilder', 197, '4082854372', 98467357163805765);
 INSERT INTO SALE VALUE(NULL, 98467357163805765, 25713, '20100610', 178, 280);
 INSERT INTO CUSTOMER VALUE(NULL, 'Alphonse', 'U', 'Buck', 8, '8047179831', 84203653326670069);
 INSERT INTO SALE VALUE(NULL, 84203653326670069, 31286, '20100304', 68, 281);
 INSERT INTO CUSTOMER VALUE(NULL, 'Leann', 'X', 'Alvarez', 462, '9018376721', 29755244315299556);
 INSERT INTO SALE VALUE(NULL, 29755244315299556, 17958, '20040724', 6, 282);
 INSERT INTO CUSTOMER VALUE(NULL, 'Hallie', 'F', 'Tyler', 199, '2163422136', 62414725913113542);
 INSERT INTO SALE VALUE(NULL, 62414725913113542, 33647, '20100620', 71, 283);
 INSERT INTO CUSTOMER VALUE(NULL, 'Sharlene', 'X', 'Caldwell', 435, '3158112981', 94252046022238299);
 INSERT INTO SALE VALUE(NULL, 94252046022238299, 24967, '20040912', 131, 284);
 INSERT INTO CUSTOMER VALUE(NULL, 'Lenard', 'G', 'Heath', 312, '201418128', 88545198000767792);
 INSERT INTO SALE VALUE(NULL, 88545198000767792, 30171, '20090815', 179, 285);
 INSERT INTO CUSTOMER VALUE(NULL, 'Marcie', 'K', 'Stein', 456, '4149817818', 25721398128666473);
 INSERT INTO SALE VALUE(NULL, 25721398128666473, 31548, '20110406', 163, 286);
 INSERT INTO CUSTOMER VALUE(NULL, 'Neva', 'A', 'Stevenson', 392, '402685059', 15450892985885770);
 INSERT INTO SALE VALUE(NULL, 15450892985885770, 43423, '20120115', 63, 287);
 INSERT INTO CUSTOMER VALUE(NULL, 'Hank', 'F', 'Mejia', 265, '9192462304', 83134161520057775);
 INSERT INTO SALE VALUE(NULL, 83134161520057775, 39352, '20120620', 2, 288);
 INSERT INTO CUSTOMER VALUE(NULL, 'Zachariah', 'X', 'Barnes', 358, '5155532265', 62530684212851129);
 INSERT INTO SALE VALUE(NULL, 62530684212851129, 25888, '20050816', 156, 289);
 INSERT INTO CUSTOMER VALUE(NULL, 'Catherine', 'R', 'Camacho', 268, '513875903', 25348645635561479);
 INSERT INTO SALE VALUE(NULL, 25348645635561479, 36807, '20121118', 240, 290);
 INSERT INTO CUSTOMER VALUE(NULL, 'Veronica', 'Z', 'Golden', 315, '8434407390', 13272994848688702);
 INSERT INTO SALE VALUE(NULL, 13272994848688702, 15836, '20030014', 10, 291);
 INSERT INTO CUSTOMER VALUE(NULL, 'Ali', 'H', 'Lambert', 113, '9016426555', 19687771187506076);
 INSERT INTO SALE VALUE(NULL, 19687771187506076, 18118, '20071114', 56, 292);
 INSERT INTO CUSTOMER VALUE(NULL, 'Celia', 'B', 'Sosa', 406, '7087925750', 35398642710630965);
 INSERT INTO SALE VALUE(NULL, 35398642710630965, 16677, '20041004', 203, 293);
 INSERT INTO CUSTOMER VALUE(NULL, 'Silvia', 'Y', 'Rollins', 491, '316495556', 24687060236914754);
 INSERT INTO SALE VALUE(NULL, 24687060236914754, 27874, '20030323', 25, 294);
 INSERT INTO CUSTOMER VALUE(NULL, 'Lenora', 'H', 'Valentine', 70, '8143866173', 62086565346928233);
 INSERT INTO SALE VALUE(NULL, 62086565346928233, 25963, '20040300', 10, 295);
 INSERT INTO CUSTOMER VALUE(NULL, 'Clint', 'C', 'Little', 274, '3161013279', 27020049518582702);
 INSERT INTO SALE VALUE(NULL, 27020049518582702, 37366, '20130707', 219, 296);
 INSERT INTO CUSTOMER VALUE(NULL, 'Rocco', 'Q', 'Tran', 273, '3154215119', 12094437985938511);
 INSERT INTO SALE VALUE(NULL, 12094437985938511, 19728, '20080707', 60, 297);
 INSERT INTO CUSTOMER VALUE(NULL, 'Carole', 'M', 'Hawkins', 313, '903668054', 67214897563072530);
 INSERT INTO SALE VALUE(NULL, 67214897563072530, 44030, '20050323', 219, 298);
 INSERT INTO CUSTOMER VALUE(NULL, 'Benito', 'D', 'Ellison', 349, '6123409962', 57039460742485692);
 INSERT INTO SALE VALUE(NULL, 57039460742485692, 17989, '20100424', 27, 299);
 INSERT INTO CUSTOMER VALUE(NULL, 'Lucien', 'Q', 'Solis', 410, '2166111869', 69838449457090047);
 INSERT INTO SALE VALUE(NULL, 69838449457090047, 23220, '20041000', 207, 300);
 INSERT INTO CUSTOMER VALUE(NULL, 'Sonia', 'Q', 'Hammond', 3, '513546106', 63621983683440707);
 INSERT INTO SALE VALUE(NULL, 63621983683440707, 14249, '20090611', 126, 301);
 INSERT INTO CUSTOMER VALUE(NULL, 'Graham', 'E', 'Tillman', 128, '4096402586', 24430746664103532);
 INSERT INTO SALE VALUE(NULL, 24430746664103532, 35016, '20110821', 206, 302);
 INSERT INTO CUSTOMER VALUE(NULL, 'Cleveland', 'J', 'Tucker', 100, '3162996276', 08339173315250335);
 INSERT INTO SALE VALUE(NULL, 08339173315250335, 24335, '20121106', 30, 303);
 INSERT INTO CUSTOMER VALUE(NULL, 'Julie', 'R', 'Gilmore', 337, '708956074', 94094625125522376);
 INSERT INTO SALE VALUE(NULL, 94094625125522376, 40989, '20050112', 168, 304);
 INSERT INTO CUSTOMER VALUE(NULL, 'Roger', 'K', 'Vazquez', 148, '7083601659', 21328481145732010);
 INSERT INTO SALE VALUE(NULL, 21328481145732010, 14839, '20030815', 107, 305);
 INSERT INTO CUSTOMER VALUE(NULL, 'Eduardo', 'B', 'Frank', 299, '3059369339', 35997603945319775);
 INSERT INTO SALE VALUE(NULL, 35997603945319775, 15679, '20041124', 244, 306);
 INSERT INTO CUSTOMER VALUE(NULL, 'Major', 'M', 'Pitts', 401, '8184115991', 57360716446600098);
 INSERT INTO SALE VALUE(NULL, 57360716446600098, 44191, '20070922', 157, 307);
 INSERT INTO CUSTOMER VALUE(NULL, 'Pearlie', 'J', 'Anderson', 327, '6157083193', 46700508778768155);
 INSERT INTO SALE VALUE(NULL, 46700508778768155, 25429, '20130318', 44, 308);
 INSERT INTO CUSTOMER VALUE(NULL, 'Clara', 'I', 'Glover', 271, '6121824416', 44244781323550511);
 INSERT INTO SALE VALUE(NULL, 44244781323550511, 15474, '20050403', 239, 309);
 INSERT INTO CUSTOMER VALUE(NULL, 'Maynard', 'H', 'Wong', 403, '3171047322', 04628186517577973);
 INSERT INTO SALE VALUE(NULL, 04628186517577973, 14967, '20080519', 207, 310);
 INSERT INTO CUSTOMER VALUE(NULL, 'Lamar', 'N', 'Mack', 314, '2147213296', 22826269011654336);
 INSERT INTO SALE VALUE(NULL, 22826269011654336, 17528, '20121109', 7, 311);
 INSERT INTO CUSTOMER VALUE(NULL, 'Arline', 'L', 'Brewer', 495, '4083485148', 74241345317323796);
 INSERT INTO SALE VALUE(NULL, 74241345317323796, 32860, '20080908', 187, 312);
 INSERT INTO CUSTOMER VALUE(NULL, 'Twila', 'J', 'Tate', 121, '4141781122', 64356313091950011);
 INSERT INTO SALE VALUE(NULL, 64356313091950011, 19609, '20131020', 174, 313);
 INSERT INTO CUSTOMER VALUE(NULL, 'Briana', 'K', 'Humphrey', 238, '7038864860', 96075852570206822);
 INSERT INTO SALE VALUE(NULL, 96075852570206822, 26203, '20110126', 147, 314);
 INSERT INTO CUSTOMER VALUE(NULL, 'Meagan', 'U', 'Carney', 446, '5125989182', 49024983595186341);
 INSERT INTO SALE VALUE(NULL, 49024983595186341, 22570, '20040327', 42, 315);
 INSERT INTO CUSTOMER VALUE(NULL, 'Brian', 'S', 'Thomas', 498, '4041776189', 56424087907034140);
 INSERT INTO SALE VALUE(NULL, 56424087907034140, 37140, '20040824', 206, 316);
 INSERT INTO CUSTOMER VALUE(NULL, 'Christina', 'S', 'Bradshaw', 117, '404337697', 80796417722954669);
 INSERT INTO SALE VALUE(NULL, 80796417722954669, 17410, '20080123', 171, 317);
 INSERT INTO CUSTOMER VALUE(NULL, 'Claudette', 'J', 'Salazar', 131, '5159813119', 57808393738038469);
 INSERT INTO SALE VALUE(NULL, 57808393738038469, 28446, '20080215', 149, 318);
 INSERT INTO CUSTOMER VALUE(NULL, 'Lamont', 'I', 'Gray', 138, '4046231394', 78170861196934278);
 INSERT INTO SALE VALUE(NULL, 78170861196934278, 37739, '20120725', 169, 319);
 INSERT INTO CUSTOMER VALUE(NULL, 'Wilbur', 'O', 'Jennings', 279, '7087348474', 20293467431688210);
 INSERT INTO SALE VALUE(NULL, 20293467431688210, 14272, '20101015', 65, 320);
 INSERT INTO CUSTOMER VALUE(NULL, 'Anastasia', 'N', 'Wells', 204, '6082937801', 84350529042569930);
 INSERT INTO SALE VALUE(NULL, 84350529042569930, 18512, '20060921', 87, 321);
 INSERT INTO CUSTOMER VALUE(NULL, 'Alberto', 'H', 'Lindsay', 237, '703709891', 84373492935285366);
 INSERT INTO SALE VALUE(NULL, 84373492935285366, 22193, '20070820', 222, 322);
 INSERT INTO CUSTOMER VALUE(NULL, 'Natasha', 'O', 'Wolfe', 168, '7085111308', 35737749323159399);
 INSERT INTO SALE VALUE(NULL, 35737749323159399, 41719, '20110024', 177, 323);
 INSERT INTO CUSTOMER VALUE(NULL, 'Jeannie', 'R', 'Harper', 183, '4087027727', 02959421392949511);
 INSERT INTO SALE VALUE(NULL, 02959421392949511, 44460, '20060918', 90, 324);
 INSERT INTO CUSTOMER VALUE(NULL, 'Mary', 'M', 'Mack', 125, '3162315436', 61665078973949956);
 INSERT INTO SALE VALUE(NULL, 61665078973949956, 12474, '20110604', 185, 325);
 INSERT INTO CUSTOMER VALUE(NULL, 'Erich', 'Q', 'Colon', 150, '908923635', 94144988166515003);
 INSERT INTO SALE VALUE(NULL, 94144988166515003, 39964, '20100306', 228, 326);
 INSERT INTO CUSTOMER VALUE(NULL, 'Marcel', 'Y', 'Walker', 391, '4145163646', 70547094128746153);
 INSERT INTO SALE VALUE(NULL, 70547094128746153, 27036, '20110325', 39, 327);
 INSERT INTO CUSTOMER VALUE(NULL, 'Gabriela', 'E', 'Best', 247, '5137865675', 39935080186423315);
 INSERT INTO SALE VALUE(NULL, 39935080186423315, 38379, '20080227', 84, 328);
 INSERT INTO CUSTOMER VALUE(NULL, 'Dee', 'B', 'Serrano', 195, '2164594496', 91991650375830115);
 INSERT INTO SALE VALUE(NULL, 91991650375830115, 37932, '20031118', 137, 329);
 INSERT INTO CUSTOMER VALUE(NULL, 'Lorene', 'B', 'Robbins', 111, '4097328636', 91296567258337769);
 INSERT INTO SALE VALUE(NULL, 91296567258337769, 36950, '20070026', 166, 330);
 INSERT INTO CUSTOMER VALUE(NULL, 'Cornelia', 'X', 'Barlow', 80, '5098616351', 15638854919871413);
 INSERT INTO SALE VALUE(NULL, 15638854919871413, 31691, '20050122', 36, 331);
 INSERT INTO CUSTOMER VALUE(NULL, 'Marvin', 'R', 'Langley', 191, '5186121565', 86547052294926558);
 INSERT INTO SALE VALUE(NULL, 86547052294926558, 17953, '20110208', 12, 332);
 INSERT INTO CUSTOMER VALUE(NULL, 'Simon', 'W', 'Bradford', 186, '8182943583', 93381022928026797);
 INSERT INTO SALE VALUE(NULL, 93381022928026797, 17509, '20050212', 92, 333);
 INSERT INTO CUSTOMER VALUE(NULL, 'Chris', 'H', 'Vazquez', 187, '4088882540', 96449581867695977);
 INSERT INTO SALE VALUE(NULL, 96449581867695977, 35929, '20120612', 151, 334);
 INSERT INTO CUSTOMER VALUE(NULL, 'Kimberly', 'K', 'Sandoval', 90, '9089655342', 60866258004979634);
 INSERT INTO SALE VALUE(NULL, 60866258004979634, 22081, '20060000', 86, 335);
 INSERT INTO CUSTOMER VALUE(NULL, 'Jana', 'U', 'Michael', 325, '5181105599', 64530184842868429);
 INSERT INTO SALE VALUE(NULL, 64530184842868429, 22531, '20060604', 177, 336);
 INSERT INTO CUSTOMER VALUE(NULL, 'Roseann', 'H', 'Sullivan', 408, '7085474115', 76175509716360830);
 INSERT INTO SALE VALUE(NULL, 76175509716360830, 16356, '20030307', 232, 337);
 INSERT INTO CUSTOMER VALUE(NULL, 'Denise', 'L', 'Knox', 440, '6087403765', 61774544945877012);
 INSERT INTO SALE VALUE(NULL, 61774544945877012, 44873, '20110405', 82, 338);
 INSERT INTO CUSTOMER VALUE(NULL, 'Tami', 'S', 'Hodge', 420, '2014506073', 75475455951049747);
 INSERT INTO SALE VALUE(NULL, 75475455951049747, 39214, '20040725', 238, 339);
 INSERT INTO CUSTOMER VALUE(NULL, 'Seymour', 'Q', 'Powell', 197, '818686454', 87972353059618170);
 INSERT INTO SALE VALUE(NULL, 87972353059618170, 19099, '20040423', 54, 340);
 INSERT INTO CUSTOMER VALUE(NULL, 'Drew', 'X', 'Trujillo', 90, '305673217', 63071454204219784);
 INSERT INTO SALE VALUE(NULL, 63071454204219784, 12190, '20061007', 222, 341);
 INSERT INTO CUSTOMER VALUE(NULL, 'Stacy', 'G', 'Soto', 376, '3167162512', 77057878008282328);
 INSERT INTO SALE VALUE(NULL, 77057878008282328, 30877, '20050411', 187, 342);
 INSERT INTO CUSTOMER VALUE(NULL, 'Stanley', 'Q', 'Valencia', 329, '2167673280', 90864964244045618);
 INSERT INTO SALE VALUE(NULL, 90864964244045618, 34014, '20050925', 155, 343);
 INSERT INTO CUSTOMER VALUE(NULL, 'Maryanne', 'Y', 'Mack', 14, '4045759873', 96604932975107496);
 INSERT INTO SALE VALUE(NULL, 96604932975107496, 15916, '20090827', 227, 344);
 INSERT INTO CUSTOMER VALUE(NULL, 'Wayne', 'J', 'Eaton', 254, '3132476244', 44742654200392301);
 INSERT INTO SALE VALUE(NULL, 44742654200392301, 31731, '20110313', 204, 345);
 INSERT INTO CUSTOMER VALUE(NULL, 'Alejandra', 'I', 'Jenkins', 54, '9035571659', 64137992589671069);
 INSERT INTO SALE VALUE(NULL, 64137992589671069, 10024, '20050025', 218, 346);
 INSERT INTO CUSTOMER VALUE(NULL, 'Hope', 'B', 'Morales', 143, '216971179', 03162334668313745);
 INSERT INTO SALE VALUE(NULL, 03162334668313745, 19727, '20071019', 228, 347);
 INSERT INTO CUSTOMER VALUE(NULL, 'Iva', 'L', 'Clay', 448, '9199612843', 94900753020640058);
 INSERT INTO SALE VALUE(NULL, 94900753020640058, 22142, '20120521', 160, 348);
 INSERT INTO CUSTOMER VALUE(NULL, 'Valentin', 'Y', 'Blackwell', 481, '2016769282', 32408450052001422);
 INSERT INTO SALE VALUE(NULL, 32408450052001422, 28370, '20130319', 114, 349);
 INSERT INTO CUSTOMER VALUE(NULL, 'Bonita', 'D', 'Wiley', 61, '7088882178', 25664203923338304);
 INSERT INTO SALE VALUE(NULL, 25664203923338304, 41639, '20091022', 110, 350);
 INSERT INTO CUSTOMER VALUE(NULL, 'Deon', 'J', 'Malone', 340, '5102532414', 59482355357184623);
 INSERT INTO SALE VALUE(NULL, 59482355357184623, 24368, '20100614', 106, 351);
 INSERT INTO CUSTOMER VALUE(NULL, 'Linwood', 'W', 'Nielsen', 278, '2168014270', 45709226544664681);
 INSERT INTO SALE VALUE(NULL, 45709226544664681, 11681, '20110320', 141, 352);
 INSERT INTO CUSTOMER VALUE(NULL, 'Leo', 'C', 'Joseph', 469, '8184956620', 98968951502865545);
 INSERT INTO SALE VALUE(NULL, 98968951502865545, 33197, '20100100', 226, 353);
 INSERT INTO CUSTOMER VALUE(NULL, 'Tania', 'X', 'Downs', 40, '31752700', 12672658445568842);
 INSERT INTO SALE VALUE(NULL, 12672658445568842, 22180, '20110709', 63, 354);
 INSERT INTO CUSTOMER VALUE(NULL, 'June', 'M', 'Hoffman', 431, '8188221080', 33066011718503589);
 INSERT INTO SALE VALUE(NULL, 33066011718503589, 25925, '20120608', 238, 355);
 INSERT INTO CUSTOMER VALUE(NULL, 'Daren', 'T', 'Rasmussen', 61, '8177967254', 48995807591779378);
 INSERT INTO SALE VALUE(NULL, 48995807591779378, 18764, '20070504', 156, 356);
 INSERT INTO CUSTOMER VALUE(NULL, 'Esperanza', 'E', 'Camacho', 105, '401983160', 03676107888016506);
 INSERT INTO SALE VALUE(NULL, 03676107888016506, 17704, '20110302', 134, 357);
 INSERT INTO CUSTOMER VALUE(NULL, 'Archie', 'T', 'Kirby', 433, '5151183598', 52066699835371768);
 INSERT INTO SALE VALUE(NULL, 52066699835371768, 36964, '20090117', 14, 358);
 INSERT INTO CUSTOMER VALUE(NULL, 'Roxanne', 'E', 'Meadows', 329, '7034588864', 87591440519038677);
 INSERT INTO SALE VALUE(NULL, 87591440519038677, 42710, '20040125', 115, 359);
 INSERT INTO CUSTOMER VALUE(NULL, 'Alissa', 'I', 'Odonnell', 113, '4027213839', 39073940615880228);
 INSERT INTO SALE VALUE(NULL, 39073940615880228, 11636, '20070207', 44, 360);
 INSERT INTO CUSTOMER VALUE(NULL, 'Randolph', 'M', 'Mueller', 24, '708981687', 18771345098055782);
 INSERT INTO SALE VALUE(NULL, 18771345098055782, 28086, '20031108', 137, 361);
 INSERT INTO CUSTOMER VALUE(NULL, 'Eliseo', 'F', 'Cote', 188, '4041983067', 46786004529502200);
 INSERT INTO SALE VALUE(NULL, 46786004529502200, 36662, '20080420', 167, 362);
 INSERT INTO CUSTOMER VALUE(NULL, 'Shirley', 'C', 'Osborn', 475, '9037444707', 75862704832080508);
 INSERT INTO SALE VALUE(NULL, 75862704832080508, 35242, '20080414', 32, 363);
 INSERT INTO CUSTOMER VALUE(NULL, 'Jodie', 'Y', 'Velez', 212, '5185198363', 29932283880998183);
 INSERT INTO SALE VALUE(NULL, 29932283880998183, 11980, '20080822', 87, 364);
 INSERT INTO CUSTOMER VALUE(NULL, 'Clay', 'F', 'Mason', 199, '4085148749', 06438753819750160);
 INSERT INTO SALE VALUE(NULL, 06438753819750160, 32590, '20110427', 10, 365);
 INSERT INTO CUSTOMER VALUE(NULL, 'Carmella', 'R', 'Nelson', 399, '9012561434', 93416219527989585);
 INSERT INTO SALE VALUE(NULL, 93416219527989585, 12730, '20040100', 119, 366);
 INSERT INTO CUSTOMER VALUE(NULL, 'Rod', 'Z', 'Burch', 495, '612710948', 66343346754483295);
 INSERT INTO SALE VALUE(NULL, 66343346754483295, 14954, '20080622', 242, 367);
 INSERT INTO CUSTOMER VALUE(NULL, 'Bernie', 'N', 'Davis', 489, '903762451', 90103329494867543);
 INSERT INTO SALE VALUE(NULL, 90103329494867543, 36666, '20070009', 221, 368);
 INSERT INTO CUSTOMER VALUE(NULL, 'Jack', 'A', 'Knowles', 386, '5139692768', 33672784650574769);
 INSERT INTO SALE VALUE(NULL, 33672784650574769, 11352, '20080300', 170, 369);
 INSERT INTO CUSTOMER VALUE(NULL, 'Rob', 'F', 'Rutledge', 228, '3172006711', 22448446425117671);
 INSERT INTO SALE VALUE(NULL, 22448446425117671, 23735, '20030703', 60, 370);
 INSERT INTO CUSTOMER VALUE(NULL, 'Dionne', 'S', 'Tillman', 437, '2063922289', 14863348388456517);
 INSERT INTO SALE VALUE(NULL, 14863348388456517, 19993, '20070506', 147, 371);
 INSERT INTO CUSTOMER VALUE(NULL, 'Mary', 'R', 'Kirkland', 258, '401299043', 78642057030519569);
 INSERT INTO SALE VALUE(NULL, 78642057030519569, 29246, '20130103', 40, 372);
 INSERT INTO CUSTOMER VALUE(NULL, 'Stanley', 'I', 'Branch', 48, '7033524960', 14365342692989495);
 INSERT INTO SALE VALUE(NULL, 14365342692989495, 30093, '20070718', 39, 373);
 INSERT INTO CUSTOMER VALUE(NULL, 'Wilma', 'B', 'Lawson', 453, '4016147100', 30195545388528349);
 INSERT INTO SALE VALUE(NULL, 30195545388528349, 39809, '20030712', 102, 374);
 INSERT INTO CUSTOMER VALUE(NULL, 'Donn', 'O', 'Haley', 158, '8143906361', 39368540485610337);
 INSERT INTO SALE VALUE(NULL, 39368540485610337, 23933, '20070623', 183, 375);
 INSERT INTO CUSTOMER VALUE(NULL, 'Noel', 'R', 'Salazar', 450, '8178671455', 53220037807895712);
 INSERT INTO SALE VALUE(NULL, 53220037807895712, 16448, '20100410', 15, 376);
 INSERT INTO CUSTOMER VALUE(NULL, 'Normand', 'G', 'Carson', 10, '3172198908', 39330689495553172);
 INSERT INTO SALE VALUE(NULL, 39330689495553172, 19917, '20060107', 127, 377);
 INSERT INTO CUSTOMER VALUE(NULL, 'Beth', 'N', 'Hampton', 414, '3052194486', 13196617308935595);
 INSERT INTO SALE VALUE(NULL, 13196617308935595, 35698, '20081003', 176, 378);
 INSERT INTO CUSTOMER VALUE(NULL, 'Colby', 'C', 'Robertson', 168, '2063632687', 42048057514335743);
 INSERT INTO SALE VALUE(NULL, 42048057514335743, 38654, '20040823', 4, 379);
 INSERT INTO CUSTOMER VALUE(NULL, 'Martha', 'O', 'Buchanan', 204, '9197572547', 33281325095655309);
 INSERT INTO SALE VALUE(NULL, 33281325095655309, 39012, '20050019', 216, 380);
 INSERT INTO CUSTOMER VALUE(NULL, 'Frankie', 'X', 'Baldwin', 342, '40229774', 82720135092464295);
 INSERT INTO SALE VALUE(NULL, 82720135092464295, 40071, '20060702', 121, 381);
 INSERT INTO CUSTOMER VALUE(NULL, 'Owen', 'C', 'Schmidt', 68, '4075251617', 72767623501832117);
 INSERT INTO SALE VALUE(NULL, 72767623501832117, 29595, '20100611', 32, 382);
 INSERT INTO CUSTOMER VALUE(NULL, 'Reinaldo', 'U', 'Merritt', 77, '214211672', 14981182097871838);
 INSERT INTO SALE VALUE(NULL, 14981182097871838, 22304, '20120904', 56, 383);
 INSERT INTO CUSTOMER VALUE(NULL, 'Mari', 'X', 'Beasley', 404, '919269176', 88195839214554380);
 INSERT INTO SALE VALUE(NULL, 88195839214554380, 17039, '20131005', 172, 384);
 INSERT INTO CUSTOMER VALUE(NULL, 'Helena', 'J', 'Robles', 235, '9126881381', 51821414303351890);
 INSERT INTO SALE VALUE(NULL, 51821414303351890, 40533, '20090208', 7, 385);
 INSERT INTO CUSTOMER VALUE(NULL, 'Faith', 'C', 'Boyd', 90, '4075438128', 26826690992178232);
 INSERT INTO SALE VALUE(NULL, 26826690992178232, 32105, '20071123', 209, 386);
 INSERT INTO CUSTOMER VALUE(NULL, 'Georgette', 'R', 'Reyes', 276, '9123095644', 18181652276572758);
 INSERT INTO SALE VALUE(NULL, 18181652276572758, 23771, '20040914', 93, 387);
 INSERT INTO CUSTOMER VALUE(NULL, 'Bethany', 'R', 'Nelson', 415, '2161251333', 52401757241580639);
 INSERT INTO SALE VALUE(NULL, 52401757241580639, 44738, '20090719', 45, 388);
 INSERT INTO CUSTOMER VALUE(NULL, 'Fern', 'M', 'Pacheco', 67, '8136588205', 37452408618909964);
 INSERT INTO SALE VALUE(NULL, 37452408618909964, 23317, '20121110', 122, 389);
 INSERT INTO CUSTOMER VALUE(NULL, 'Savannah', 'Z', 'Mcgee', 448, '708916842', 84616491089806953);
 INSERT INTO SALE VALUE(NULL, 84616491089806953, 25253, '20070722', 11, 390);
 INSERT INTO CUSTOMER VALUE(NULL, 'Kristy', 'C', 'Blankenship', 318, '9196615796', 26994493680916699);
 INSERT INTO SALE VALUE(NULL, 26994493680916699, 37330, '20090517', 80, 391);
 INSERT INTO CUSTOMER VALUE(NULL, 'Casey', 'N', 'Cantrell', 215, '2011182567', 01071354772000253);
 INSERT INTO SALE VALUE(NULL, 01071354772000253, 14520, '20110727', 250, 392);
 INSERT INTO CUSTOMER VALUE(NULL, 'Madeline', 'C', 'Harrington', 13, '4145683814', 21377402211024676);
 INSERT INTO SALE VALUE(NULL, 21377402211024676, 10457, '20050201', 218, 393);
 INSERT INTO CUSTOMER VALUE(NULL, 'Travis', 'Q', 'Cummings', 284, '4098754408', 97702399262076453);
 INSERT INTO SALE VALUE(NULL, 97702399262076453, 39200, '20050425', 68, 394);
 INSERT INTO CUSTOMER VALUE(NULL, 'Dalton', 'A', 'Patel', 124, '2193715052', 64642058096838159);
 INSERT INTO SALE VALUE(NULL, 64642058096838159, 27424, '20120122', 243, 395);
 INSERT INTO CUSTOMER VALUE(NULL, 'Alvaro', 'M', 'Murray', 51, '3037595809', 17051269763129009);
 INSERT INTO SALE VALUE(NULL, 17051269763129009, 43654, '20090419', 48, 396);
 INSERT INTO CUSTOMER VALUE(NULL, 'Anastasia', 'N', 'Gallagher', 415, '3157448296', 02449219365680509);
 INSERT INTO SALE VALUE(NULL, 02449219365680509, 19293, '20040916', 158, 397);
 INSERT INTO CUSTOMER VALUE(NULL, 'Monique', 'S', 'Ellis', 47, '3177543348', 83948607675247179);
 INSERT INTO SALE VALUE(NULL, 83948607675247179, 14050, '20120120', 12, 398);
 INSERT INTO CUSTOMER VALUE(NULL, 'Craig', 'Q', 'Harmon', 218, '9035528100', 19701335399418732);
 INSERT INTO SALE VALUE(NULL, 19701335399418732, 42874, '20100000', 6, 399);
 INSERT INTO CUSTOMER VALUE(NULL, 'Lynn', 'V', 'Mcpherson', 447, '2164608419', 86877055661642716);
 INSERT INTO SALE VALUE(NULL, 86877055661642716, 39929, '20070309', 56, 400);
 INSERT INTO CUSTOMER VALUE(NULL, 'Georgina', 'U', 'Wyatt', 402, '5136791210', 88193339115193126);
 INSERT INTO SALE VALUE(NULL, 88193339115193126, 43439, '20121123', 32, 401);
 INSERT INTO CUSTOMER VALUE(NULL, 'Carmella', 'G', 'Richardson', 395, '9011596654', 09981806153067791);
 INSERT INTO SALE VALUE(NULL, 09981806153067791, 15715, '20060814', 125, 402);
 INSERT INTO CUSTOMER VALUE(NULL, 'Lola', 'D', 'Levy', 285, '3053289101', 28315762160546160);
 INSERT INTO SALE VALUE(NULL, 28315762160546160, 40511, '20070708', 122, 403);
 INSERT INTO CUSTOMER VALUE(NULL, 'Dee', 'A', 'Bowen', 124, '5129918226', 79907234566917667);
 INSERT INTO SALE VALUE(NULL, 79907234566917667, 13087, '20081116', 52, 404);
 INSERT INTO CUSTOMER VALUE(NULL, 'Gus', 'K', 'Hays', 380, '2285128480', 22768432483145987);
 INSERT INTO SALE VALUE(NULL, 22768432483145987, 43735, '20060812', 123, 405);
 INSERT INTO CUSTOMER VALUE(NULL, 'Micah', 'D', 'Sharp', 465, '5134812925', 78251643574186242);
 INSERT INTO SALE VALUE(NULL, 78251643574186242, 18113, '20080819', 180, 406);
 INSERT INTO CUSTOMER VALUE(NULL, 'Nina', 'H', 'Bell', 238, '4099357781', 37507612909441448);
 INSERT INTO SALE VALUE(NULL, 37507612909441448, 32167, '20050011', 156, 407);
 INSERT INTO CUSTOMER VALUE(NULL, 'Rosario', 'V', 'Burnett', 332, '3173424642', 60774099373827007);
 INSERT INTO SALE VALUE(NULL, 60774099373827007, 24689, '20061121', 226, 408);
 INSERT INTO CUSTOMER VALUE(NULL, 'Miranda', 'S', 'Massey', 116, '414391576', 50953159602530910);
 INSERT INTO SALE VALUE(NULL, 50953159602530910, 17732, '20070703', 157, 409);
 INSERT INTO CUSTOMER VALUE(NULL, 'Devin', 'E', 'Wooten', 332, '4149919028', 42716721101532527);
 INSERT INTO SALE VALUE(NULL, 42716721101532527, 37112, '20090725', 99, 410);
 INSERT INTO CUSTOMER VALUE(NULL, 'Rosanna', 'C', 'Faulkner', 32, '908558780', 00263464921871958);
 INSERT INTO SALE VALUE(NULL, 00263464921871958, 43824, '20070120', 238, 411);
 INSERT INTO CUSTOMER VALUE(NULL, 'Latisha', 'J', 'Hurst', 187, '3138867351', 36051121015666608);
 INSERT INTO SALE VALUE(NULL, 36051121015666608, 34468, '20080013', 240, 412);
 INSERT INTO CUSTOMER VALUE(NULL, 'Rod', 'S', 'Anderson', 191, '9128631565', 09060218275874196);
 INSERT INTO SALE VALUE(NULL, 09060218275874196, 23593, '20050810', 23, 413);
 INSERT INTO CUSTOMER VALUE(NULL, 'Coy', 'K', 'Mayo', 76, '315868651', 63724017799884186);
 INSERT INTO SALE VALUE(NULL, 63724017799884186, 27449, '20090319', 76, 414);
 INSERT INTO CUSTOMER VALUE(NULL, 'Stanley', 'T', 'Green', 413, '9011686325', 85491609855710695);
 INSERT INTO SALE VALUE(NULL, 85491609855710695, 11830, '20051120', 158, 415);
 INSERT INTO CUSTOMER VALUE(NULL, 'Wilma', 'W', 'Thornton', 154, '2146977557', 59478336297501853);
 INSERT INTO SALE VALUE(NULL, 59478336297501853, 44186, '20080515', 50, 416);
 INSERT INTO CUSTOMER VALUE(NULL, 'Tomas', 'I', 'Cervantes', 478, '2169468502', 89201639642344289);
 INSERT INTO SALE VALUE(NULL, 89201639642344289, 31875, '20130304', 143, 417);
 INSERT INTO CUSTOMER VALUE(NULL, 'Coleman', 'A', 'Hess', 225, '5125033821', 14807042234622702);
 INSERT INTO SALE VALUE(NULL, 14807042234622702, 22199, '20080812', 98, 418);
 INSERT INTO CUSTOMER VALUE(NULL, 'Fredrick', 'Q', 'Wiley', 190, '51826511', 02053811898954848);
 INSERT INTO SALE VALUE(NULL, 02053811898954848, 34509, '20120014', 118, 419);
 INSERT INTO CUSTOMER VALUE(NULL, 'Billie', 'B', 'Snyder', 152, '5131673237', 18980805182547988);
 INSERT INTO SALE VALUE(NULL, 18980805182547988, 34925, '20080421', 219, 420);
 INSERT INTO CUSTOMER VALUE(NULL, 'Van', 'G', 'Abbott', 350, '8437866519', 96993885304750111);
 INSERT INTO SALE VALUE(NULL, 96993885304750111, 15269, '20070709', 163, 421);
 INSERT INTO CUSTOMER VALUE(NULL, 'Christi', 'C', 'Romero', 319, '6078044383', 82647102124502655);
 INSERT INTO SALE VALUE(NULL, 82647102124502655, 27175, '20070505', 207, 422);
 INSERT INTO CUSTOMER VALUE(NULL, 'Joey', 'B', 'Schultz', 104, '2169046608', 71688163350839672);
 INSERT INTO SALE VALUE(NULL, 71688163350839672, 32317, '20081013', 171, 423);
 INSERT INTO CUSTOMER VALUE(NULL, 'Glen', 'M', 'Tillman', 464, '8438747255', 58367045641737178);
 INSERT INTO SALE VALUE(NULL, 58367045641737178, 22270, '20080312', 3, 424);
 INSERT INTO CUSTOMER VALUE(NULL, 'Clement', 'A', 'Franks', 423, '9193487307', 93737134570350057);
 INSERT INTO SALE VALUE(NULL, 93737134570350057, 12780, '20060320', 33, 425);
 INSERT INTO CUSTOMER VALUE(NULL, 'Mattie', 'R', 'Cooley', 257, '6077787806', 55948198582128784);
 INSERT INTO SALE VALUE(NULL, 55948198582128784, 26834, '20050601', 130, 426);
 INSERT INTO CUSTOMER VALUE(NULL, 'Sheree', 'S', 'Raymond', 371, '7089072320', 48570697998643479);
 INSERT INTO SALE VALUE(NULL, 48570697998643479, 43048, '20060023', 183, 427);
 INSERT INTO CUSTOMER VALUE(NULL, 'Tamara', 'I', 'Vazquez', 490, '6087654183', 68991201271845054);
 INSERT INTO SALE VALUE(NULL, 68991201271845054, 29911, '20110726', 154, 428);
 INSERT INTO CUSTOMER VALUE(NULL, 'Bobby', 'S', 'Berger', 32, '9088683081', 08170517001250632);
 INSERT INTO SALE VALUE(NULL, 08170517001250632, 37962, '20050927', 202, 429);
 INSERT INTO CUSTOMER VALUE(NULL, 'Dominic', 'L', 'Savage', 458, '3058194811', 87642800150907616);
 INSERT INTO SALE VALUE(NULL, 87642800150907616, 14159, '20100627', 170, 430);
 INSERT INTO CUSTOMER VALUE(NULL, 'Emory', 'J', 'Davidson', 291, '5154541810', 88921546012458757);
 INSERT INTO SALE VALUE(NULL, 88921546012458757, 28607, '20090906', 62, 431);
 INSERT INTO CUSTOMER VALUE(NULL, 'Peter', 'J', 'Daniel', 244, '4028345657', 50291445528110189);
 INSERT INTO SALE VALUE(NULL, 50291445528110189, 32584, '20080608', 107, 432);
 INSERT INTO CUSTOMER VALUE(NULL, 'Bruno', 'G', 'Frazier', 38, '3178526344', 98033256657640344);
 INSERT INTO SALE VALUE(NULL, 98033256657640344, 14044, '20070105', 178, 433);
 INSERT INTO CUSTOMER VALUE(NULL, 'Dennis', 'R', 'Moore', 445, '919796293', 20379567665622046);
 INSERT INTO SALE VALUE(NULL, 20379567665622046, 44075, '20120816', 77, 434);
 INSERT INTO CUSTOMER VALUE(NULL, 'Lindsey', 'H', 'Cline', 282, '2063297483', 86040139743587378);
 INSERT INTO SALE VALUE(NULL, 86040139743587378, 21105, '20071023', 117, 435);
 INSERT INTO CUSTOMER VALUE(NULL, 'Rick', 'B', 'Acevedo', 478, '3038241336', 62164118148442332);
 INSERT INTO SALE VALUE(NULL, 62164118148442332, 42641, '20100000', 206, 436);
 INSERT INTO CUSTOMER VALUE(NULL, 'Dylan', 'F', 'Sawyer', 223, '6072647463', 61264782720200538);
 INSERT INTO SALE VALUE(NULL, 61264782720200538, 40283, '20031127', 163, 437);
 INSERT INTO CUSTOMER VALUE(NULL, 'Ramiro', 'I', 'Yates', 442, '3133385199', 20184979505181057);
 INSERT INTO SALE VALUE(NULL, 20184979505181057, 11808, '20040417', 215, 438);
 INSERT INTO CUSTOMER VALUE(NULL, 'Steven', 'F', 'Berger', 494, '2068203871', 64577631553306457);
 INSERT INTO SALE VALUE(NULL, 64577631553306457, 11136, '20111003', 141, 439);
 INSERT INTO CUSTOMER VALUE(NULL, 'Rod', 'R', 'Anthony', 99, '602516855', 22535030419777494);
 INSERT INTO SALE VALUE(NULL, 22535030419777494, 38042, '20120621', 116, 440);
 INSERT INTO CUSTOMER VALUE(NULL, 'Adeline', 'H', 'Cote', 250, '6122953254', 11524877131343813);
 INSERT INTO SALE VALUE(NULL, 11524877131343813, 20468, '20070706', 134, 441);
 INSERT INTO CUSTOMER VALUE(NULL, 'Omar', 'R', 'Shepard', 342, '219137621', 05447352725710823);
 INSERT INTO SALE VALUE(NULL, 05447352725710823, 12782, '20110202', 139, 442);
 INSERT INTO CUSTOMER VALUE(NULL, 'Ida', 'S', 'Jensen', 200, '8432253590', 89917373665089539);
 INSERT INTO SALE VALUE(NULL, 89917373665089539, 20210, '20130616', 103, 443);
 INSERT INTO CUSTOMER VALUE(NULL, 'Loretta', 'N', 'Dillard', 192, '9016473944', 79929073146185619);
 INSERT INTO SALE VALUE(NULL, 79929073146185619, 19090, '20130818', 80, 444);
 INSERT INTO CUSTOMER VALUE(NULL, 'Gene', 'J', 'Osborn', 252, '2018413625', 00637678595308420);
 INSERT INTO SALE VALUE(NULL, 00637678595308420, 24498, '20110427', 212, 445);
 INSERT INTO CUSTOMER VALUE(NULL, 'Abby', 'P', 'Eaton', 168, '2061555430', 28193392663808567);
 INSERT INTO SALE VALUE(NULL, 28193392663808567, 30145, '20080823', 101, 446);
 INSERT INTO CUSTOMER VALUE(NULL, 'Sandy', 'F', 'Bradley', 361, '3137704569', 30132435005697253);
 INSERT INTO SALE VALUE(NULL, 30132435005697253, 19038, '20040227', 111, 447);
 INSERT INTO CUSTOMER VALUE(NULL, 'Dana', 'W', 'Ellison', 277, '8048471737', 47366983111872082);
 INSERT INTO SALE VALUE(NULL, 47366983111872082, 26551, '20060008', 210, 448);
 INSERT INTO CUSTOMER VALUE(NULL, 'Adela', 'N', 'Huffman', 322, '7086554186', 69947633236328076);
 INSERT INTO SALE VALUE(NULL, 69947633236328076, 27436, '20070004', 181, 449);
 INSERT INTO CUSTOMER VALUE(NULL, 'Willard', 'T', 'Alvarado', 284, '8177911513', 19458380082968754);
 INSERT INTO SALE VALUE(NULL, 19458380082968754, 25507, '20130604', 139, 450);
 INSERT INTO CUSTOMER VALUE(NULL, 'Felicia', 'D', 'Hurley', 437, '4045209156', 22221942153953270);
 INSERT INTO SALE VALUE(NULL, 22221942153953270, 16139, '20100707', 144, 451);
 INSERT INTO CUSTOMER VALUE(NULL, 'Cyril', 'Y', 'Stewart', 349, '9125389015', 47067886358607751);
 INSERT INTO SALE VALUE(NULL, 47067886358607751, 21056, '20110818', 132, 452);
 INSERT INTO CUSTOMER VALUE(NULL, 'Monica', 'V', 'Gentry', 105, '8183649074', 01813070721322041);
 INSERT INTO SALE VALUE(NULL, 01813070721322041, 26909, '20040024', 71, 453);
 INSERT INTO CUSTOMER VALUE(NULL, 'Gene', 'X', 'Dejesus', 264, '4022977547', 49588412304435259);
 INSERT INTO SALE VALUE(NULL, 49588412304435259, 10458, '20041024', 84, 454);
 INSERT INTO CUSTOMER VALUE(NULL, 'Whitney', 'A', 'Cox', 471, '2167889626', 82014888216290848);
 INSERT INTO SALE VALUE(NULL, 82014888216290848, 25248, '20111106', 16, 455);
 INSERT INTO CUSTOMER VALUE(NULL, 'Barton', 'Q', 'Higgins', 333, '3173217401', 00477945367753369);
 INSERT INTO SALE VALUE(NULL, 00477945367753369, 18343, '20110209', 16, 456);
 INSERT INTO CUSTOMER VALUE(NULL, 'Jeffery', 'Y', 'Barrett', 398, '4075877390', 94104651293966788);
 INSERT INTO SALE VALUE(NULL, 94104651293966788, 16377, '20070824', 105, 457);
 INSERT INTO CUSTOMER VALUE(NULL, 'Gus', 'B', 'Crawford', 392, '4093032193', 79859838376817863);
 INSERT INTO SALE VALUE(NULL, 79859838376817863, 23817, '20111003', 178, 458);
 INSERT INTO CUSTOMER VALUE(NULL, 'Carla', 'B', 'Ratliff', 301, '804139416', 98116665161811145);
 INSERT INTO SALE VALUE(NULL, 98116665161811145, 22516, '20130401', 141, 459);
 INSERT INTO CUSTOMER VALUE(NULL, 'Carlo', 'S', 'Duke', 324, '303109180', 06392666966090959);
 INSERT INTO SALE VALUE(NULL, 06392666966090959, 24044, '20050918', 240, 460);
 INSERT INTO CUSTOMER VALUE(NULL, 'Emilia', 'Z', 'Wolf', 145, '8185873425', 43198036334642098);
 INSERT INTO SALE VALUE(NULL, 43198036334642098, 22449, '20091123', 45, 461);
 INSERT INTO CUSTOMER VALUE(NULL, 'Forrest', 'G', 'Bridges', 254, '5122962594', 25815991747968036);
 INSERT INTO SALE VALUE(NULL, 25815991747968036, 34328, '20110519', 189, 462);
 INSERT INTO CUSTOMER VALUE(NULL, 'Isidro', 'X', 'Rosales', 221, '4017615028', 06261478246982672);
 INSERT INTO SALE VALUE(NULL, 06261478246982672, 35943, '20071109', 100, 463);
 INSERT INTO CUSTOMER VALUE(NULL, 'Bradford', 'J', 'Sweeney', 211, '31697483', 00456463712317245);
 INSERT INTO SALE VALUE(NULL, 00456463712317245, 42571, '20060919', 27, 464);
 INSERT INTO CUSTOMER VALUE(NULL, 'Raymond', 'Q', 'Shepherd', 399, '414993194', 73524716204502934);
 INSERT INTO SALE VALUE(NULL, 73524716204502934, 34998, '20041000', 185, 465);
 INSERT INTO CUSTOMER VALUE(NULL, 'Shane', 'J', 'Dudley', 121, '9083814233', 02942352249532277);
 INSERT INTO SALE VALUE(NULL, 02942352249532277, 37335, '20110923', 104, 466);
 INSERT INTO CUSTOMER VALUE(NULL, 'Rosemarie', 'V', 'Petersen', 249, '3055064248', 48472561101493247);
 INSERT INTO SALE VALUE(NULL, 48472561101493247, 38915, '20130401', 249, 467);
 INSERT INTO CUSTOMER VALUE(NULL, 'Leland', 'Z', 'Durham', 24, '7086339766', 82458454444005538);
 INSERT INTO SALE VALUE(NULL, 82458454444005538, 21634, '20050304', 86, 468);
 INSERT INTO CUSTOMER VALUE(NULL, 'Coleen', 'B', 'Bowen', 209, '2147139737', 74630561542983936);
 INSERT INTO SALE VALUE(NULL, 74630561542983936, 33413, '20100810', 31, 469);
 INSERT INTO CUSTOMER VALUE(NULL, 'Bonita', 'B', 'Spears', 171, '9141036063', 18878951138130267);
 INSERT INTO SALE VALUE(NULL, 18878951138130267, 22167, '20070214', 226, 470);
 INSERT INTO CUSTOMER VALUE(NULL, 'Jeanne', 'F', 'Rutledge', 475, '6159577068', 22349057510220096);
 INSERT INTO SALE VALUE(NULL, 22349057510220096, 32315, '20070606', 86, 471);
 INSERT INTO CUSTOMER VALUE(NULL, 'Lula', 'P', 'Ortega', 77, '3172535731', 18532517315424096);
 INSERT INTO SALE VALUE(NULL, 18532517315424096, 20059, '20110205', 236, 472);
 INSERT INTO CUSTOMER VALUE(NULL, 'Franklin', 'H', 'Garcia', 412, '3052056288', 97232982151372788);
 INSERT INTO SALE VALUE(NULL, 97232982151372788, 24347, '20090814', 234, 473);
 INSERT INTO CUSTOMER VALUE(NULL, 'Freda', 'X', 'Case', 141, '7087862118', 98333065003592306);
 INSERT INTO SALE VALUE(NULL, 98333065003592306, 11332, '20081100', 1, 474);
 INSERT INTO CUSTOMER VALUE(NULL, 'Sherman', 'Z', 'Riley', 402, '9034374146', 39488626377040442);
 INSERT INTO SALE VALUE(NULL, 39488626377040442, 36148, '20050516', 237, 475);
 INSERT INTO CUSTOMER VALUE(NULL, 'Chandra', 'V', 'Tyson', 138, '6079889635', 49254200546998478);
 INSERT INTO SALE VALUE(NULL, 49254200546998478, 32140, '20060625', 5, 476);
 INSERT INTO CUSTOMER VALUE(NULL, 'Theron', 'B', 'Newman', 131, '3173639700', 89146297708676344);
 INSERT INTO SALE VALUE(NULL, 89146297708676344, 21121, '20100704', 18, 477);
 INSERT INTO CUSTOMER VALUE(NULL, 'Alta', 'H', 'Shaw', 274, '5155052127', 02648966957632109);
 INSERT INTO SALE VALUE(NULL, 02648966957632109, 39761, '20130110', 180, 478);
 INSERT INTO CUSTOMER VALUE(NULL, 'Isabella', 'W', 'Leonard', 116, '515483569', 08642707720306117);
 INSERT INTO SALE VALUE(NULL, 08642707720306117, 22051, '20100900', 241, 479);
 INSERT INTO CUSTOMER VALUE(NULL, 'Wilma', 'G', 'Goodwin', 185, '2195732030', 84205538714744910);
 INSERT INTO SALE VALUE(NULL, 84205538714744910, 31455, '20120118', 151, 480);
 INSERT INTO CUSTOMER VALUE(NULL, 'Max', 'A', 'Holden', 334, '7084546667', 63004205728182245);
 INSERT INTO SALE VALUE(NULL, 63004205728182245, 34672, '20120308', 74, 481);
 INSERT INTO CUSTOMER VALUE(NULL, 'Maritza', 'W', 'Murphy', 428, '9142937086', 88355070643617545);
 INSERT INTO SALE VALUE(NULL, 88355070643617545, 25952, '20100017', 142, 482);
 INSERT INTO CUSTOMER VALUE(NULL, 'Jewell', 'S', 'Glenn', 350, '4146886525', 96391398266491026);
 INSERT INTO SALE VALUE(NULL, 96391398266491026, 19981, '20110715', 144, 483);
 INSERT INTO CUSTOMER VALUE(NULL, 'Ramona', 'D', 'Stephenson', 376, '703115857', 79645280436779794);
 INSERT INTO SALE VALUE(NULL, 79645280436779794, 24122, '20040620', 200, 484);
 INSERT INTO CUSTOMER VALUE(NULL, 'Rodrigo', 'A', 'Mcmahon', 471, '5154466595', 45029086991578987);
 INSERT INTO SALE VALUE(NULL, 45029086991578987, 27849, '20040217', 82, 485);
 INSERT INTO CUSTOMER VALUE(NULL, 'Marguerite', 'A', 'Anderson', 317, '6021161735', 48790370897728463);
 INSERT INTO SALE VALUE(NULL, 48790370897728463, 28127, '20051127', 240, 486);
 INSERT INTO CUSTOMER VALUE(NULL, 'Hazel', 'F', 'Guerrero', 435, '9144436468', 85047154141060966);
 INSERT INTO SALE VALUE(NULL, 85047154141060966, 19097, '20091015', 39, 487);
 INSERT INTO CUSTOMER VALUE(NULL, 'Reyes', 'G', 'Harvey', 106, '3136643322', 39037039600149149);
 INSERT INTO SALE VALUE(NULL, 39037039600149149, 11301, '20080726', 57, 488);
 INSERT INTO CUSTOMER VALUE(NULL, 'Maureen', 'I', 'Harrington', 68, '8044271369', 28452165869459470);
 INSERT INTO SALE VALUE(NULL, 28452165869459470, 30746, '20090222', 92, 489);
 INSERT INTO CUSTOMER VALUE(NULL, 'Arlene', 'X', 'Simon', 245, '5131778305', 66293974886916936);
 INSERT INTO SALE VALUE(NULL, 66293974886916936, 14051, '20041012', 8, 490);
 INSERT INTO CUSTOMER VALUE(NULL, 'Scottie', 'F', 'Trujillo', 137, '3133884748', 48491599989683289);
 INSERT INTO SALE VALUE(NULL, 48491599989683289, 40745, '20070301', 214, 491);
 INSERT INTO CUSTOMER VALUE(NULL, 'Kimberley', 'U', 'Hodge', 95, '5136362963', 20547465751351282);
 INSERT INTO SALE VALUE(NULL, 20547465751351282, 38220, '20050120', 17, 492);
 INSERT INTO CUSTOMER VALUE(NULL, 'Dwight', 'D', 'Olsen', 51, '3122183918', 21197573592555490);
 INSERT INTO SALE VALUE(NULL, 21197573592555490, 41842, '20040000', 247, 493);
 INSERT INTO CUSTOMER VALUE(NULL, 'German', 'D', 'Soto', 179, '9087994469', 66520774118784583);
 INSERT INTO SALE VALUE(NULL, 66520774118784583, 34740, '20030324', 8, 494);
 INSERT INTO CUSTOMER VALUE(NULL, 'Ava', 'G', 'Cross', 392, '3124477805', 83492068935535305);
 INSERT INTO SALE VALUE(NULL, 83492068935535305, 38621, '20110920', 242, 495);
 INSERT INTO CUSTOMER VALUE(NULL, 'Liliana', 'U', 'Melton', 189, '4148059427', 03431949528449123);
 INSERT INTO SALE VALUE(NULL, 03431949528449123, 28745, '20051019', 13, 496);
 INSERT INTO CUSTOMER VALUE(NULL, 'Matilda', 'C', 'Bond', 164, '3035053361', 62394908530521467);
 INSERT INTO SALE VALUE(NULL, 62394908530521467, 25819, '20040701', 23, 497);
 INSERT INTO CUSTOMER VALUE(NULL, 'Jame', 'H', 'May', 444, '3162757503', 78824786173884352);
 INSERT INTO SALE VALUE(NULL, 78824786173884352, 32009, '20040822', 163, 498);
 INSERT INTO CUSTOMER VALUE(NULL, 'Leticia', 'B', 'Vinson', 44, '903723203', 42295346377009850);
 INSERT INTO SALE VALUE(NULL, 42295346377009850, 38931, '20121016', 167, 499);
 INSERT INTO CUSTOMER VALUE(NULL, 'Aline', 'R', 'Booker', 118, '2144528450', 00731106956796264);
 INSERT INTO SALE VALUE(NULL, 00731106956796264, 36421, '20101024', 218, 500);
 INSERT INTO CUSTOMER VALUE(NULL, 'Xavier', 'P', 'Morin', 357, '2285139607', 55538236787058571);
 INSERT INTO SALE VALUE(NULL, 55538236787058571, 33368, '20040508', 85, 501);
 INSERT INTO CUSTOMER VALUE(NULL, 'Darryl', 'B', 'Clayton', 347, '3171419221', 64508361791297772);
 INSERT INTO SALE VALUE(NULL, 64508361791297772, 35900, '20080812', 106, 502);
 INSERT INTO CUSTOMER VALUE(NULL, 'Micah', 'K', 'Snow', 21, '8048457894', 39801662924077559);
 INSERT INTO SALE VALUE(NULL, 39801662924077559, 21378, '20071016', 161, 503);
 INSERT INTO CUSTOMER VALUE(NULL, 'Coleen', 'D', 'Franco', 405, '5183146508', 73965349596643036);
 INSERT INTO SALE VALUE(NULL, 73965349596643036, 13600, '20050413', 140, 504);
 INSERT INTO CUSTOMER VALUE(NULL, 'Jarvis', 'T', 'Olsen', 29, '401331823', 16181527078170854);
 INSERT INTO SALE VALUE(NULL, 16181527078170854, 34890, '20031018', 74, 505);
 INSERT INTO CUSTOMER VALUE(NULL, 'Gwen', 'T', 'Pate', 139, '8141220', 71052616130793933);
 INSERT INTO SALE VALUE(NULL, 71052616130793933, 39704, '20060500', 175, 506);
 INSERT INTO SERVICE_RECORD VALUE(55194894, 1034, 34, 08754496869281053, '20090126', 50.00, 39.77, NULL, 1007);
 INSERT INTO SERVICE_RECORD VALUE(95325741, 1037, 316, 96102747718892490, '20060924', 800.00, 246.11, NULL, 1007);
 INSERT INTO SERVICE_RECORD VALUE(86187740, 1035, 282, 12672658445568842, '20120407', 50.00, 49.33, NULL, 1005);
 INSERT INTO SERVICE_RECORD VALUE(70235672, 1022, 287, 59826324401490036, '20070615', 600.00, 279.42, NULL, 1001);
 INSERT INTO SERVICE_RECORD VALUE(29300961, 1008, 503, 85360292057789522, '20090024', 150.00, 40.32, NULL, 1008);
 INSERT INTO SERVICE_RECORD VALUE(54616238, 1019, 263, 88921546012458757, '20110721', 300.00, 182.76, NULL, 1003);
 INSERT INTO SERVICE_RECORD VALUE(63003907, 1030, 8, 81995456412696516, '20051012', 200.00, 179.59, NULL, 1010);
 INSERT INTO SERVICE_RECORD VALUE(50011321, 1019, 268, 42239405280791684, '20140613', 300.00, 80.19, NULL, 1010);
 INSERT INTO SERVICE_RECORD VALUE(78540050, 1017, 17, 08168071872521957, '20100025', 50.00, 10.83, NULL, 1009);
 INSERT INTO SERVICE_RECORD VALUE(44651692, 1026, 105, 79859838376817863, '20131004', 300.00, 42.84, NULL, 1006);
 INSERT INTO SERVICE_RECORD VALUE(46217391, 1040, 273, 63004205728182245, '20130806', 500.00, 350.11, NULL, 1008);
 INSERT INTO SERVICE_RECORD VALUE(12634514, 1026, 324, 08642707720306117, '20121123', 300.00, 29.37, NULL, 1009);
 INSERT INTO SERVICE_RECORD VALUE(70805314, 1024, 56, 85047154141060966, '20110608', 1000.00, 908.67, NULL, 1002);
 INSERT INTO SERVICE_RECORD VALUE(32292204, 1018, 233, 45265889141239689, '20080424', 800.00, 608.94, NULL, 1007);
 INSERT INTO SERVICE_RECORD VALUE(49371168, 1032, 159, 57636640916548357, '20070321', 100.00, 4.54, NULL, 1010);
 INSERT INTO SERVICE_RECORD VALUE(15267739, 1037, 474, 25063827974959846, '20100408', 800.00, 428.11, NULL, 1004);
 INSERT INTO SERVICE_RECORD VALUE(65311061, 1033, 4, 25815991747968036, '20120313', 300.00, 186.59, NULL, 1003);
 INSERT INTO SERVICE_RECORD VALUE(10158139, 1025, 83, 09112136868470199, '20081105', 50.00, 43.98, NULL, 1007);
 INSERT INTO SERVICE_RECORD VALUE(8959884, 1030, 196, 17103733859090504, '20110200', 200.00, 25.98, NULL, 1010);
 INSERT INTO SERVICE_RECORD VALUE(26259208, 1028, 399, 33281325095655309, '20070213', 100.00, 39.26, NULL, 1006);
 INSERT INTO SERVICE_RECORD VALUE(19585282, 1029, 85, 61665078973949956, '20120611', 300.00, 54.01, NULL, 1009);
 INSERT INTO SERVICE_RECORD VALUE(4458068, 1041, 149, 15638854919871413, '20070814', 100.00, 55.73, NULL, 1006);
 INSERT INTO SERVICE_RECORD VALUE(14948620, 1039, 448, 64508361791297772, '20090902', 50.00, 31.48, NULL, 1010);
 INSERT INTO SERVICE_RECORD VALUE(59156449, 1040, 486, 11524877131343813, '20070703', 500.00, 365.93, NULL, 1010);
 INSERT INTO SERVICE_RECORD VALUE(50129971, 1009, 192, 96784117568724419, '20090824', 4000.00, 3041.24, NULL, 1004);
 INSERT INTO SERVICE_RECORD VALUE(62250002, 1010, 322, 66293974886916936, '20050412', 100.00, 56.96, NULL, 1006);
 INSERT INTO SERVICE_RECORD VALUE(36222041, 1013, 46, 93737134570350057, '20070804', 4000.00, 2180.36, NULL, 1001);
 INSERT INTO SERVICE_RECORD VALUE(25614420, 1003, 120, 00637678595308420, '20110700', 150.00, 28.10, NULL, 1001);
 INSERT INTO SERVICE_RECORD VALUE(953571, 1010, 269, 28059392734560408, '20130423', 100.00, 41.41, NULL, 1010);
 INSERT INTO SERVICE_RECORD VALUE(84603285, 1040, 427, 82647102124502655, '20071101', 500.00, 349.87, NULL, 1007);
 INSERT INTO SERVICE_RECORD VALUE(93672348, 1032, 383, 80796417722954669, '20100618', 100.00, 40.67, NULL, 1004);
 INSERT INTO SERVICE_RECORD VALUE(2310751, 1007, 270, 00819868128792858, '20100510', 100.00, 12.21, NULL, 1006);
 INSERT INTO SERVICE_RECORD VALUE(65189451, 1011, 459, 89917373665089539, '20130525', 100.00, 49.65, NULL, 1001);
 INSERT INTO SERVICE_RECORD VALUE(19515682, 1040, 23, 30132435005697253, '20050005', 500.00, 366.65, NULL, 1009);
 INSERT INTO SERVICE_RECORD VALUE(51049860, 1011, 254, 73806944554496879, '20111100', 100.00, 19.41, NULL, 1003);
 INSERT INTO SERVICE_RECORD VALUE(66223308, 1030, 141, 63052480847090180, '20110507', 200.00, 137.55, NULL, 1007);
 INSERT INTO SERVICE_RECORD VALUE(78322990, 1025, 234, 29074371595600717, '20050515', 50.00, 12.03, NULL, 1010);
 INSERT INTO SERVICE_RECORD VALUE(82531884, 1024, 171, 39037039600149149, '20110503', 1000.00, 543.44, NULL, 1009);
 INSERT INTO SERVICE_RECORD VALUE(82288804, 1041, 259, 93310684408322786, '20040904', 100.00, 27.80, NULL, 1008);
 INSERT INTO SERVICE_RECORD VALUE(54765992, 1004, 1, 79929073146185619, '20150510', 100.00, 86.64, NULL, 1009);
 INSERT INTO SERVICE_RECORD VALUE(78101430, 1021, 276, 46487725010659904, '20130900', 5000.00, 3764.61, NULL, 1006);
 INSERT INTO SERVICE_RECORD VALUE(30037633, 1002, 277, 82458454444005538, '20070409', 1000.00, 535.52, NULL, 1008);
 INSERT INTO SERVICE_RECORD VALUE(54992250, 1002, 165, 83948607675247179, '20140315', 1000.00, 234.99, NULL, 1009);
 INSERT INTO SERVICE_RECORD VALUE(39405491, 1007, 320, 74630561542983936, '20121012', 100.00, 67.36, NULL, 1007);
 INSERT INTO SERVICE_RECORD VALUE(2642050, 1040, 158, 58603846584717676, '20080721', 500.00, 156.25, NULL, 1003);
 INSERT INTO SERVICE_RECORD VALUE(21197907, 1001, 261, 42239405280791684, '20140108', 10.00, 5.89, NULL, 1004);
 INSERT INTO SERVICE_RECORD VALUE(26377460, 1013, 157, 09301343875759481, '20050726', 4000.00, 3281.40, NULL, 1008);
 INSERT INTO SERVICE_RECORD VALUE(50470504, 1031, 157, 30195545388528349, '20050410', 200.00, 27.57, NULL, 1008);
 INSERT INTO SERVICE_RECORD VALUE(65840936, 1023, 49, 47457359068721782, '20120800', 500.00, 284.08, NULL, 1004);
 INSERT INTO SERVICE_RECORD VALUE(16525073, 1029, 16, 09060218275874196, '20081113', 300.00, 218.29, NULL, 1007);
 INSERT INTO SERVICE_RECORD VALUE(31770869, 1014, 489, 47067886358607751, '20120217', 20.00, 6.26, NULL, 1010);
 INSERT INTO SERVICE_RECORD VALUE(98831810, 1012, 306, 79929073146185619, '20130812', 100.00, 76.08, NULL, 1010);
 INSERT INTO SERVICE_RECORD VALUE(57489872, 1041, 258, 29755244315299556, '20060010', 100.00, 97.38, NULL, 1004);
 INSERT INTO SERVICE_RECORD VALUE(85488301, 1036, 97, 40920439046623641, '20050101', 600.00, 525.00, NULL, 1006);
 INSERT INTO SERVICE_RECORD VALUE(31850876, 1025, 471, 75475455951049747, '20050626', 50.00, 4.51, NULL, 1009);
 INSERT INTO SERVICE_RECORD VALUE(65138620, 1035, 489, 00731106956796264, '20110001', 50.00, 31.75, NULL, 1010);
 INSERT INTO SERVICE_RECORD VALUE(82052051, 1015, 197, 95884360052563517, '20070908', 200.00, 7.99, NULL, 1007);
 INSERT INTO SERVICE_RECORD VALUE(72835819, 1007, 62, 52213396117235247, '20090604', 100.00, 48.70, NULL, 1005);
 INSERT INTO SERVICE_RECORD VALUE(38528887, 1001, 316, 40015903919479034, '20050218', 10.00, 4.35, NULL, 1004);
 INSERT INTO SERVICE_RECORD VALUE(72992380, 1016, 449, 33025009904313094, '20050522', 500.00, 396.05, NULL, 1002);
 INSERT INTO SERVICE_RECORD VALUE(17031978, 1025, 406, 38736816700231061, '20110923', 50.00, 36.22, NULL, 1004);
 INSERT INTO SERVICE_RECORD VALUE(33239319, 1032, 365, 35823578422296407, '20120103', 100.00, 20.01, NULL, 1001);
 INSERT INTO SERVICE_RECORD VALUE(87661877, 1009, 85, 36716988407268695, '20090616', 4000.00, 929.02, NULL, 1003);
 INSERT INTO SERVICE_RECORD VALUE(34567190, 1010, 315, 89201639642344289, '20150623', 100.00, 86.99, NULL, 1006);
 INSERT INTO SERVICE_RECORD VALUE(30136581, 1021, 316, 35737749323159399, '20140618', 5000.00, 811.79, NULL, 1006);
 INSERT INTO SERVICE_RECORD VALUE(10961104, 1013, 479, 75810068731113153, '20100224', 4000.00, 1309.41, NULL, 1008);
 INSERT INTO SERVICE_RECORD VALUE(10701156, 1020, 190, 63724017799884186, '20100712', 300.00, 66.62, NULL, 1004);
 INSERT INTO SERVICE_RECORD VALUE(24618603, 1029, 264, 12672658445568842, '20120201', 300.00, 228.13, NULL, 1001);
 INSERT INTO SERVICE_RECORD VALUE(54907388, 1002, 383, 55678161877747562, '20151000', 1000.00, 202.80, NULL, 1003);
 INSERT INTO SERVICE_RECORD VALUE(2886163, 1031, 465, 34156413292263578, '20050119', 200.00, 185.40, NULL, 1002);
 INSERT INTO SERVICE_RECORD VALUE(49397789, 1011, 448, 87591440519038677, '20051121', 100.00, 62.32, NULL, 1002);
 INSERT INTO SERVICE_RECORD VALUE(43500135, 1041, 313, 05908130829466137, '20060811', 100.00, 56.06, NULL, 1002);
 INSERT INTO SERVICE_RECORD VALUE(41108387, 1031, 356, 36640800442790591, '20110406', 200.00, 115.43, NULL, 1004);
 INSERT INTO SERVICE_RECORD VALUE(1665455, 1036, 139, 84684074390705269, '20061008', 600.00, 319.53, NULL, 1010);
 INSERT INTO SERVICE_RECORD VALUE(65135716, 1030, 130, 96391398266491026, '20130615', 200.00, 65.86, NULL, 1005);
 INSERT INTO SERVICE_RECORD VALUE(18805694, 1028, 225, 57039460742485692, '20110206', 100.00, 42.23, NULL, 1007);
 INSERT INTO SERVICE_RECORD VALUE(39337003, 1039, 433, 74630561542983936, '20120707', 50.00, 10.61, NULL, 1004);
 INSERT INTO SERVICE_RECORD VALUE(59554092, 1027, 274, 86528343661287996, '20140609', 100.00, 95.33, NULL, 1002);
 INSERT INTO SERVICE_RECORD VALUE(93626845, 1024, 106, 58098945721213516, '20070422', 1000.00, 367.63, NULL, 1006);
 INSERT INTO SERVICE_RECORD VALUE(57948540, 1028, 201, 42925377046223965, '20150008', 100.00, 86.69, NULL, 1002);
 INSERT INTO SERVICE_RECORD VALUE(76184229, 1020, 381, 48570697998643479, '20061108', 300.00, 250.66, NULL, 1008);
 INSERT INTO SERVICE_RECORD VALUE(54042919, 1020, 382, 52066699835371768, '20090704', 300.00, 145.17, NULL, 1009);
 INSERT INTO SERVICE_RECORD VALUE(27109354, 1010, 341, 98160932279568342, '20070900', 100.00, 44.41, NULL, 1001);
 INSERT INTO SERVICE_RECORD VALUE(33019344, 1009, 33, 64508361791297772, '20090010', 4000.00, 2289.26, NULL, 1010);
 INSERT INTO SERVICE_RECORD VALUE(98496486, 1041, 267, 01071354772000253, '20130009', 100.00, 28.79, NULL, 1004);
 INSERT INTO SERVICE_RECORD VALUE(95507759, 1024, 397, 86528343661287996, '20150404', 1000.00, 517.54, NULL, 1001);
 INSERT INTO SERVICE_RECORD VALUE(21364702, 1026, 23, 12094437985938511, '20080316', 300.00, 139.73, NULL, 1007);
 INSERT INTO SERVICE_RECORD VALUE(3753425, 1028, 225, 81341535145346868, '20140419', 100.00, 53.05, NULL, 1003);
 INSERT INTO SERVICE_RECORD VALUE(70127298, 1022, 146, 73965349596643036, '20050722', 600.00, 163.06, NULL, 1002);
 INSERT INTO SERVICE_RECORD VALUE(7093341, 1039, 305, 61264782720200538, '20050307', 50.00, 35.84, NULL, 1008);
 INSERT INTO SERVICE_RECORD VALUE(9524397, 1012, 175, 76165424988425823, '20071007', 100.00, 82.82, NULL, 1008);
 INSERT INTO SERVICE_RECORD VALUE(81110935, 1004, 308, 37052732209189539, '20120904', 100.00, 43.67, NULL, 1009);
 INSERT INTO SERVICE_RECORD VALUE(33770764, 1016, 87, 95411873729534118, '20100823', 500.00, 181.91, NULL, 1004);
 INSERT INTO SERVICE_RECORD VALUE(10677999, 1041, 15, 74241345317323796, '20110222', 100.00, 25.90, NULL, 1009);
 INSERT INTO SERVICE_RECORD VALUE(86105966, 1032, 124, 56559057960979392, '20070300', 100.00, 54.78, NULL, 1009);
 INSERT INTO SERVICE_RECORD VALUE(28058787, 1016, 346, 96604932975107496, '20120404', 500.00, 209.24, NULL, 1006);
 INSERT INTO SERVICE_RECORD VALUE(23531052, 1009, 411, 77057878008282328, '20060418', 4000.00, 1458.15, NULL, 1002);
 INSERT INTO SERVICE_RECORD VALUE(85943342, 1021, 436, 58009182947556702, '20091004', 5000.00, 4995.69, NULL, 1008);
 INSERT INTO SERVICE_RECORD VALUE(77779869, 1039, 278, 18532517315424096, '20140619', 50.00, 7.03, NULL, 1010);
 INSERT INTO SERVICE_RECORD VALUE(73500631, 1007, 170, 72767623501832117, '20110918', 100.00, 1.47, NULL, 1004);
 INSERT INTO SERVICE_RECORD VALUE(49865075, 1029, 380, 66616141264162455, '20070506', 300.00, 149.62, NULL, 1004);
 INSERT INTO SERVICE_RECORD VALUE(57452193, 1012, 274, 80838975846460988, '20120309', 100.00, 88.99, NULL, 1008);
 INSERT INTO SERVICE_RECORD VALUE(84108959, 1040, 331, 26886566555354594, '20060415', 500.00, 490.59, NULL, 1006);
 INSERT INTO SERVICE_RECORD VALUE(44923023, 1003, 437, 69721262359391206, '20110019', 150.00, 7.43, NULL, 1003);
 INSERT INTO SERVICE_RECORD VALUE(75215646, 1040, 419, 84649952075693334, '20071103', 500.00, 64.27, NULL, 1009);
 INSERT INTO SERVICE_RECORD VALUE(5747981, 1028, 123, 74788514223731249, '20090504', 100.00, 31.30, NULL, 1003);
 INSERT INTO SERVICE_RECORD VALUE(2276827, 1009, 283, 60594580959483921, '20140224', 4000.00, 3561.85, NULL, 1003);
 INSERT INTO SERVICE_RECORD VALUE(18893211, 1030, 251, 62164118148442332, '20110622', 200.00, 59.68, NULL, 1007);
 INSERT INTO SERVICE_RECORD VALUE(94687841, 1020, 15, 34987713832756452, '20110521', 300.00, 197.67, NULL, 1004);
 INSERT INTO SERVICE_RECORD VALUE(32109027, 1037, 289, 94104651293966788, '20100426', 800.00, 735.60, NULL, 1005);
 INSERT INTO SERVICE_RECORD VALUE(87085308, 1015, 120, 01071354772000253, '20130504', 200.00, 41.54, NULL, 1005);
 INSERT INTO SERVICE_RECORD VALUE(59123435, 1034, 336, 94900753020640058, '20140822', 50.00, 47.32, NULL, 1009);
 INSERT INTO SERVICE_RECORD VALUE(90417974, 1012, 267, 12672658445568842, '20120007', 100.00, 56.70, NULL, 1009);
 INSERT INTO SERVICE_RECORD VALUE(71789738, 1006, 346, 73965349596643036, '20060714', 20.00, 8.15, NULL, 1007);
 INSERT INTO SERVICE_RECORD VALUE(46768507, 1019, 484, 63724017799884186, '20120508', 300.00, 176.54, NULL, 1003);
 INSERT INTO SERVICE_RECORD VALUE(35764615, 1040, 497, 69830078643205224, '20100710', 500.00, 19.21, NULL, 1005);
 INSERT INTO SERVICE_RECORD VALUE(74199605, 1011, 428, 42048057514335743, '20060000', 100.00, 94.09, NULL, 1005);
 INSERT INTO SERVICE_RECORD VALUE(69049250, 1005, 177, 00833866831127995, '20120005', 500.00, 199.01, NULL, 1009);
 INSERT INTO SERVICE_RECORD VALUE(48776387, 1022, 96, 89917373665089539, '20140303', 600.00, 34.47, NULL, 1009);
 INSERT INTO SERVICE_RECORD VALUE(26423396, 1031, 152, 16181527078170854, '20050826', 200.00, 102.67, NULL, 1004);
 INSERT INTO SERVICE_RECORD VALUE(46436205, 1016, 38, 34156413292263578, '20050118', 500.00, 25.67, NULL, 1008);
 INSERT INTO SERVICE_RECORD VALUE(74491611, 1039, 447, 12672658445568842, '20120111', 50.00, 49.92, NULL, 1003);
 INSERT INTO SERVICE_RECORD VALUE(74337866, 1028, 345, 26826690992178232, '20100626', 100.00, 97.50, NULL, 1004);
 INSERT INTO SERVICE_RECORD VALUE(52739558, 1001, 438, 04628186517577973, '20090411', 10.00, 3.64, NULL, 1008);
 INSERT INTO SERVICE_RECORD VALUE(80386167, 1026, 502, 09112136868470199, '20100825', 300.00, 88.12, NULL, 1002);
 INSERT INTO SERVICE_RECORD VALUE(84450677, 1014, 263, 49059491681254016, '20090311', 20.00, 9.20, NULL, 1004);
 INSERT INTO SERVICE_RECORD VALUE(29988316, 1025, 464, 25815991747968036, '20120204', 50.00, 33.78, NULL, 1001);
 INSERT INTO SERVICE_RECORD VALUE(35323710, 1028, 387, 71688163350839672, '20090502', 100.00, 14.24, NULL, 1009);
 INSERT INTO SERVICE_RECORD VALUE(4038085, 1012, 82, 62164118148442332, '20120700', 100.00, 1.82, NULL, 1003);
 INSERT INTO SERVICE_RECORD VALUE(72763517, 1030, 213, 28059392734560408, '20120817', 200.00, 119.70, NULL, 1010);
 INSERT INTO SERVICE_RECORD VALUE(4319458, 1030, 309, 32679436142722711, '20051110', 200.00, 146.08, NULL, 1006);
 INSERT INTO SERVICE_RECORD VALUE(27551673, 1028, 343, 86877055661642716, '20090201', 100.00, 35.83, NULL, 1005);
 INSERT INTO SERVICE_RECORD VALUE(87216357, 1025, 63, 57237237386972684, '20060905', 50.00, 33.55, NULL, 1001);
 INSERT INTO SERVICE_RECORD VALUE(22962745, 1020, 205, 89447738539349538, '20120006', 300.00, 268.23, NULL, 1010);
 INSERT INTO SERVICE_RECORD VALUE(76103913, 1037, 347, 57237237386972684, '20070310', 800.00, 415.14, NULL, 1005);
 INSERT INTO SERVICE_RECORD VALUE(53507166, 1002, 102, 51756537425667244, '20050105', 1000.00, 199.23, NULL, 1005);
 INSERT INTO SERVICE_RECORD VALUE(62981107, 1011, 352, 00637678595308420, '20110808', 100.00, 91.79, NULL, 1010);
 INSERT INTO SERVICE_RECORD VALUE(34384507, 1016, 499, 97623147098282444, '20060801', 500.00, 392.43, NULL, 1004);
 INSERT INTO SERVICE_RECORD VALUE(29710135, 1002, 357, 03723306083849123, '20140105', 1000.00, 549.93, NULL, 1001);
 INSERT INTO SERVICE_RECORD VALUE(65068468, 1037, 14, 59669384075808649, '20091002', 800.00, 600.69, NULL, 1008);
 INSERT INTO SERVICE_RECORD VALUE(2870166, 1006, 275, 62164118148442332, '20130927', 20.00, 17.39, NULL, 1008);
 INSERT INTO SERVICE_RECORD VALUE(33917563, 1039, 321, 43209338098873058, '20080318', 50.00, 8.52, NULL, 1006);
 INSERT INTO SERVICE_RECORD VALUE(76526812, 1016, 294, 94144988166515003, '20100415', 500.00, 367.75, NULL, 1003);
 INSERT INTO SERVICE_RECORD VALUE(8811414, 1002, 373, 22826269011654336, '20130317', 1000.00, 556.13, NULL, 1005);
 INSERT INTO SERVICE_RECORD VALUE(57342566, 1019, 228, 86547052294926558, '20120104', 300.00, 278.68, NULL, 1003);
 INSERT INTO SERVICE_RECORD VALUE(94708022, 1025, 156, 78251643574186242, '20101002', 50.00, 31.42, NULL, 1007);
 INSERT INTO SERVICE_RECORD VALUE(61266172, 1034, 444, 24022701457481743, '20120412', 50.00, 9.17, NULL, 1010);
 INSERT INTO SERVICE_RECORD VALUE(28517295, 1031, 150, 15824483007227753, '20090716', 200.00, 91.48, NULL, 1003);
 INSERT INTO SERVICE_RECORD VALUE(2111615, 1010, 439, 81995456412696516, '20050326', 100.00, 10.38, NULL, 1007);
 INSERT INTO SERVICE_RECORD VALUE(44058686, 1017, 497, 56424087907034140, '20070219', 50.00, 22.26, NULL, 1007);
 INSERT INTO SERVICE_RECORD VALUE(51247395, 1020, 110, 18980805182547988, '20090911', 300.00, 289.82, NULL, 1005);
 INSERT INTO SERVICE_RECORD VALUE(44651018, 1041, 216, 58806991134474166, '20120620', 100.00, 64.35, NULL, 1009);
 INSERT INTO SERVICE_RECORD VALUE(10724288, 1002, 180, 16095702081527885, '20130924', 1000.00, 510.18, NULL, 1002);
 INSERT INTO SERVICE_RECORD VALUE(28297418, 1040, 423, 05908130829466137, '20080114', 500.00, 354.17, NULL, 1007);
 INSERT INTO SERVICE_RECORD VALUE(54227282, 1002, 168, 49333775741666758, '20081115', 1000.00, 0.63, NULL, 1003);
 INSERT INTO SERVICE_RECORD VALUE(68995336, 1032, 326, 60866258004979634, '20081124', 100.00, 98.69, NULL, 1007);
 INSERT INTO SERVICE_RECORD VALUE(95797860, 1004, 37, 98968951502865545, '20120811', 100.00, 84.21, NULL, 1006);
 INSERT INTO SERVICE_RECORD VALUE(2165277, 1018, 332, 39481348635563536, '20080803', 800.00, 67.86, NULL, 1006);
 INSERT INTO SERVICE_RECORD VALUE(23159702, 1041, 214, 10307513709830750, '20120607', 100.00, 91.20, NULL, 1008);
 INSERT INTO SERVICE_RECORD VALUE(17144888, 1012, 322, 88193339115193126, '20140611', 100.00, 90.40, NULL, 1001);
 INSERT INTO SERVICE_RECORD VALUE(23744813, 1006, 488, 77317136215996145, '20080016', 20.00, 5.68, NULL, 1010);
 INSERT INTO SERVICE_RECORD VALUE(73013516, 1011, 306, 56639710625616798, '20050426', 100.00, 93.08, NULL, 1002);
 INSERT INTO SERVICE_RECORD VALUE(65521757, 1021, 76, 42716721101532527, '20110508', 5000.00, 1482.13, NULL, 1010);
 INSERT INTO SERVICE_RECORD VALUE(42934902, 1030, 414, 53297007662631190, '20100803', 200.00, 190.80, NULL, 1005);
 INSERT INTO SERVICE_RECORD VALUE(38665659, 1035, 265, 90284985168268793, '20140721', 50.00, 42.79, NULL, 1004);
 INSERT INTO SERVICE_RECORD VALUE(4436155, 1016, 409, 69233986564897972, '20051003', 500.00, 13.84, NULL, 1009);
 INSERT INTO SERVICE_RECORD VALUE(50663788, 1013, 486, 82720135092464295, '20071110', 4000.00, 1083.93, NULL, 1004);
 INSERT INTO SERVICE_RECORD VALUE(87850296, 1026, 303, 63724017799884186, '20120911', 300.00, 205.97, NULL, 1007);
 INSERT INTO SERVICE_RECORD VALUE(44117432, 1007, 382, 48570697998643479, '20060716', 100.00, 52.32, NULL, 1008);
 INSERT INTO SERVICE_RECORD VALUE(3517729, 1039, 49, 98116665161811145, '20140903', 50.00, 20.73, NULL, 1004);
 INSERT INTO SERVICE_RECORD VALUE(82138567, 1032, 303, 65803335990227378, '20091027', 100.00, 92.07, NULL, 1004);
 INSERT INTO SERVICE_RECORD VALUE(19176112, 1028, 107, 77317136215996145, '20060916', 100.00, 44.01, NULL, 1009);
 INSERT INTO SERVICE_RECORD VALUE(83424658, 1024, 195, 59482355357184623, '20121026', 1000.00, 977.12, NULL, 1008);
 INSERT INTO SERVICE_RECORD VALUE(78492586, 1007, 61, 11524877131343813, '20070318', 100.00, 94.31, NULL, 1003);
 INSERT INTO SERVICE_RECORD VALUE(4590743, 1017, 10, 71688163350839672, '20100523', 50.00, 26.32, NULL, 1002);
 INSERT INTO SERVICE_RECORD VALUE(30691, 1008, 482, 28315762160546160, '20080809', 150.00, 127.21, NULL, 1006);
 INSERT INTO SERVICE_RECORD VALUE(8853537, 1039, 23, 63004205728182245, '20130107', 50.00, 33.67, NULL, 1001);
 INSERT INTO SERVICE_RECORD VALUE(67561524, 1035, 237, 24687060236914754, '20060615', 50.00, 23.11, NULL, 1009);
 INSERT INTO SERVICE_RECORD VALUE(78929840, 1015, 292, 09981806153067791, '20080909', 200.00, 158.49, NULL, 1006);
 INSERT INTO SERVICE_RECORD VALUE(81345600, 1015, 380, 07091954179302662, '20110305', 200.00, 37.86, NULL, 1010);
 INSERT INTO SERVICE_RECORD VALUE(27786400, 1040, 47, 85047154141060966, '20090707', 500.00, 107.33, NULL, 1005);
 INSERT INTO SERVICE_RECORD VALUE(17877507, 1028, 363, 97830740024585216, '20110712', 100.00, 96.55, NULL, 1002);
 INSERT INTO SERVICE_RECORD VALUE(65696608, 1016, 166, 48134076511058167, '20121106', 500.00, 48.76, NULL, 1007);
 INSERT INTO SERVICE_RECORD VALUE(14407284, 1025, 329, 08339173315250335, '20150009', 50.00, 0.11, NULL, 1001);
 INSERT INTO SERVICE_RECORD VALUE(89022877, 1001, 244, 51756537425667244, '20060425', 10.00, 3.60, NULL, 1003);
 INSERT INTO SERVICE_RECORD VALUE(87940997, 1011, 421, 80796417722954669, '20090419', 100.00, 49.26, NULL, 1001);
 INSERT INTO SERVICE_RECORD VALUE(32237685, 1010, 503, 20219349980337829, '20100109', 100.00, 52.97, NULL, 1006);
 INSERT INTO SERVICE_RECORD VALUE(49856710, 1012, 196, 90691334324423374, '20070214', 100.00, 72.78, NULL, 1003);
 INSERT INTO SERVICE_RECORD VALUE(94150607, 1008, 462, 58098945721213516, '20060218', 150.00, 94.48, NULL, 1008);
 INSERT INTO SERVICE_RECORD VALUE(54310765, 1013, 326, 52401757241580639, '20111003', 4000.00, 917.93, NULL, 1009);
 INSERT INTO SERVICE_RECORD VALUE(92454229, 1006, 403, 49059491681254016, '20070420', 20.00, 14.50, NULL, 1008);
 INSERT INTO SERVICE_RECORD VALUE(98326985, 1039, 213, 05832499172743192, '20090714', 50.00, 43.92, NULL, 1001);
 INSERT INTO SERVICE_RECORD VALUE(78430205, 1010, 36, 45709226544664681, '20110709', 100.00, 81.48, NULL, 1010);
 INSERT INTO SERVICE_RECORD VALUE(15471810, 1002, 12, 79512833903663909, '20080522', 1000.00, 323.42, NULL, 1009);
 INSERT INTO SERVICE_RECORD VALUE(2676878, 1018, 423, 28059392734560408, '20140016', 800.00, 246.00, NULL, 1006);
 INSERT INTO SERVICE_RECORD VALUE(44972695, 1009, 69, 94094625125522376, '20050503', 4000.00, 2981.96, NULL, 1006);
 INSERT INTO SERVICE_RECORD VALUE(80838571, 1031, 209, 38736816700231061, '20090004', 200.00, 75.83, NULL, 1003);
 INSERT INTO SERVICE_RECORD VALUE(1724937, 1040, 381, 36640800442790591, '20121016', 500.00, 156.12, NULL, 1001);
 INSERT INTO SERVICE_RECORD VALUE(21208610, 1040, 190, 20379567665622046, '20120807', 500.00, 67.89, NULL, 1003);
 INSERT INTO SERVICE_RECORD VALUE(93695442, 1019, 264, 85026183951622873, '20070112', 300.00, 74.33, NULL, 1002);
 INSERT INTO SERVICE_RECORD VALUE(33187065, 1040, 501, 71726472266596745, '20060200', 500.00, 172.41, NULL, 1002);
 INSERT INTO SERVICE_RECORD VALUE(13307992, 1032, 312, 22768432483145987, '20070807', 100.00, 57.81, NULL, 1002);
 INSERT INTO SERVICE_RECORD VALUE(58870507, 1015, 250, 84684074390705269, '20060924', 200.00, 126.15, NULL, 1002);
 INSERT INTO SERVICE_RECORD VALUE(69935816, 1015, 389, 02648966957632109, '20130106', 200.00, 125.14, NULL, 1009);
 INSERT INTO SERVICE_RECORD VALUE(89925425, 1027, 207, 84203653326670069, '20111013', 100.00, 78.93, NULL, 1009);
 INSERT INTO SERVICE_RECORD VALUE(77850466, 1035, 117, 37612822635670893, '20111105', 50.00, 16.88, NULL, 1006);
 INSERT INTO SERVICE_RECORD VALUE(33315521, 1010, 379, 39037039600149149, '20100627', 100.00, 24.35, NULL, 1004);
 INSERT INTO SERVICE_RECORD VALUE(61536556, 1012, 147, 30195545388528349, '20050821', 100.00, 10.63, NULL, 1003);
 INSERT INTO SERVICE_RECORD VALUE(21531312, 1016, 7, 00263464921871958, '20090111', 500.00, 487.96, NULL, 1001);
 INSERT INTO SERVICE_RECORD VALUE(48845288, 1023, 33, 16095702081527885, '20120203', 500.00, 380.38, NULL, 1009);
 INSERT INTO SERVICE_RECORD VALUE(19371839, 1034, 310, 84203653326670069, '20120827', 50.00, 30.17, NULL, 1005);
 INSERT INTO SERVICE_RECORD VALUE(77433851, 1034, 131, 00263464921871958, '20100805', 50.00, 49.65, NULL, 1009);
 INSERT INTO SERVICE_RECORD VALUE(97809116, 1026, 435, 02648966957632109, '20130108', 300.00, 189.95, NULL, 1002);
 INSERT INTO SERVICE_RECORD VALUE(90274539, 1009, 484, 02942352249532277, '20131126', 4000.00, 693.56, NULL, 1006);
 INSERT INTO SERVICE_RECORD VALUE(24842480, 1009, 249, 26639880960924210, '20150506', 4000.00, 1398.26, NULL, 1007);
 INSERT INTO SERVICE_RECORD VALUE(70474597, 1026, 333, 60641822132945023, '20150012', 300.00, 122.16, NULL, 1005);
 INSERT INTO SERVICE_RECORD VALUE(49622075, 1012, 173, 98881667127250012, '20070209', 100.00, 10.80, NULL, 1001);
 INSERT INTO SERVICE_RECORD VALUE(14090632, 1014, 482, 60890744010553721, '20041023', 20.00, 9.06, NULL, 1010);
 INSERT INTO SERVICE_RECORD VALUE(46900045, 1041, 126, 62624468183444589, '20100723', 100.00, 81.96, NULL, 1007);
 INSERT INTO SERVICE_RECORD VALUE(24975064, 1004, 484, 00477945367753369, '20120112', 100.00, 7.21, NULL, 1003);
 INSERT INTO SERVICE_RECORD VALUE(21271957, 1019, 209, 26886566555354594, '20080715', 300.00, 222.12, NULL, 1004);
 INSERT INTO SERVICE_RECORD VALUE(83243589, 1017, 459, 89351344297564258, '20130416', 50.00, 47.55, NULL, 1006);
 INSERT INTO SERVICE_RECORD VALUE(57764238, 1020, 69, 57360716446600098, '20080627', 300.00, 115.04, NULL, 1009);
 INSERT INTO SERVICE_RECORD VALUE(84120428, 1035, 99, 59482355357184623, '20111006', 50.00, 16.86, NULL, 1004);
 INSERT INTO SERVICE_RECORD VALUE(4201242, 1008, 68, 02959421392949511, '20080714', 150.00, 143.09, NULL, 1010);
 INSERT INTO SERVICE_RECORD VALUE(66687438, 1002, 142, 83799804137589972, '20131019', 1000.00, 503.21, NULL, 1002);
 INSERT INTO SERVICE_RECORD VALUE(84670244, 1031, 365, 49024983595186341, '20070907', 200.00, 65.06, NULL, 1006);
 INSERT INTO SERVICE_RECORD VALUE(21829415, 1013, 363, 42239405280791684, '20150426', 4000.00, 2782.40, NULL, 1001);
 INSERT INTO SERVICE_RECORD VALUE(87731335, 1026, 273, 63071454204219784, '20081014', 300.00, 138.26, NULL, 1001);
 INSERT INTO SERVICE_RECORD VALUE(96211113, 1015, 248, 10244580704954293, '20140103', 200.00, 102.31, NULL, 1004);
 INSERT INTO SERVICE_RECORD VALUE(252898, 1033, 6, 48995807591779378, '20090213', 300.00, 244.90, NULL, 1002);
 INSERT INTO SERVICE_RECORD VALUE(78597879, 1008, 161, 79645280436779794, '20060424', 150.00, 126.43, NULL, 1008);
 INSERT INTO SERVICE_RECORD VALUE(57907875, 1033, 50, 20219349980337829, '20100605', 300.00, 214.30, NULL, 1010);
 INSERT INTO SERVICE_RECORD VALUE(19371364, 1014, 33, 94900753020640058, '20130211', 20.00, 15.00, NULL, 1004);
 INSERT INTO SERVICE_RECORD VALUE(27523296, 1020, 108, 98160932279568342, '20060409', 300.00, 15.41, NULL, 1001);
 INSERT INTO SERVICE_RECORD VALUE(47307325, 1037, 227, 48134076511058167, '20140602', 800.00, 440.71, NULL, 1006);
 INSERT INTO SERVICE_RECORD VALUE(15821352, 1034, 161, 24550487150415623, '20060208', 50.00, 40.58, NULL, 1002);
 INSERT INTO SERVICE_RECORD VALUE(76602698, 1040, 499, 32408450052001422, '20130322', 500.00, 301.09, NULL, 1008);
 INSERT INTO SERVICE_RECORD VALUE(60921792, 1040, 136, 14721512705135076, '20110406', 500.00, 39.64, NULL, 1009);
 INSERT INTO SERVICE_RECORD VALUE(57532606, 1018, 266, 85047154141060966, '20100110', 800.00, 67.23, NULL, 1010);
 INSERT INTO SERVICE_RECORD VALUE(91465352, 1037, 498, 87972353059618170, '20050217', 800.00, 299.14, NULL, 1008);
 INSERT INTO SERVICE_RECORD VALUE(3855207, 1017, 317, 69947633236328076, '20090318', 50.00, 35.32, NULL, 1008);
 INSERT INTO SERVICE_RECORD VALUE(47686451, 1039, 200, 52918193888130895, '20080924', 50.00, 20.40, NULL, 1001);
 INSERT INTO SERVICE_RECORD VALUE(69392953, 1013, 316, 17903758825878888, '20070214', 4000.00, 1358.45, NULL, 1006);
 INSERT INTO SERVICE_RECORD VALUE(62370085, 1027, 331, 68933728493153848, '20070813', 100.00, 9.42, NULL, 1009);
 INSERT INTO SERVICE_RECORD VALUE(11958761, 1023, 426, 61523293905727108, '20080417', 500.00, 343.57, NULL, 1006);
 INSERT INTO SERVICE_RECORD VALUE(84754367, 1022, 37, 44039863498988510, '20060905', 600.00, 165.58, NULL, 1003);
 INSERT INTO SERVICE_RECORD VALUE(28115418, 1031, 380, 24022701457481743, '20120707', 200.00, 129.11, NULL, 1004);
 INSERT INTO SERVICE_RECORD VALUE(56571195, 1028, 161, 01025383875142614, '20100401', 100.00, 76.38, NULL, 1006);
 INSERT INTO SERVICE_RECORD VALUE(12232783, 1021, 459, 24022701457481743, '20120406', 5000.00, 3208.36, NULL, 1007);
 INSERT INTO SERVICE_RECORD VALUE(46661758, 1018, 26, 37612822635670893, '20110425', 800.00, 189.58, NULL, 1008);
 INSERT INTO SERVICE_RECORD VALUE(30476794, 1006, 400, 97973191942418701, '20100220', 20.00, 16.47, NULL, 1007);
 INSERT INTO SERVICE_RECORD VALUE(10424638, 1036, 365, 02449219365680509, '20070222', 600.00, 284.57, NULL, 1010);
 INSERT INTO SERVICE_RECORD VALUE(82891597, 1027, 366, 14981182097871838, '20140212', 100.00, 70.92, NULL, 1010);
 INSERT INTO SERVICE_RECORD VALUE(42879982, 1024, 176, 37452408618909964, '20131003', 1000.00, 781.14, NULL, 1002);
 INSERT INTO SERVICE_RECORD VALUE(6419149, 1005, 223, 70547094128746153, '20140105', 500.00, 485.66, NULL, 1005);
 INSERT INTO SERVICE_RECORD VALUE(53497346, 1024, 245, 98116665161811145, '20141003', 1000.00, 767.18, NULL, 1005);
 INSERT INTO SERVICE_RECORD VALUE(98160115, 1040, 6, 59727809844684251, '20100714', 500.00, 371.15, NULL, 1006);
 INSERT INTO SERVICE_RECORD VALUE(34377838, 1005, 459, 17903758825878888, '20080914', 500.00, 178.97, NULL, 1001);
 INSERT INTO SERVICE_RECORD VALUE(6327766, 1009, 477, 90103329494867543, '20090814', 4000.00, 3897.49, NULL, 1010);
 INSERT INTO SERVICE_RECORD VALUE(80569851, 1029, 222, 36659814035084728, '20111008', 300.00, 298.62, NULL, 1010);
 INSERT INTO SERVICE_RECORD VALUE(8860448, 1017, 379, 52918193888130895, '20100720', 50.00, 25.61, NULL, 1007);
 INSERT INTO SERVICE_RECORD VALUE(93372840, 1009, 330, 29074371595600717, '20040211', 4000.00, 1484.23, NULL, 1009);
 INSERT INTO SERVICE_RECORD VALUE(14781682, 1021, 504, 00477945367753369, '20130312', 5000.00, 1000.99, NULL, 1007);
 INSERT INTO SERVICE_RECORD VALUE(80933194, 1005, 62, 77317136215996145, '20070015', 500.00, 156.37, NULL, 1009);
 INSERT INTO SERVICE_RECORD VALUE(51723102, 1039, 421, 22535030419777494, '20140221', 50.00, 6.72, NULL, 1002);
 INSERT INTO SERVICE_RECORD VALUE(15056619, 1030, 345, 71253571269773187, '20140704', 200.00, 25.65, NULL, 1001);
 INSERT INTO SERVICE_RECORD VALUE(2416044, 1035, 153, 03723306083849123, '20121106', 50.00, 12.08, NULL, 1003);
 INSERT INTO SERVICE_RECORD VALUE(703429, 1018, 88, 32408450052001422, '20140020', 800.00, 206.90, NULL, 1010);
 INSERT INTO SERVICE_RECORD VALUE(97093599, 1009, 440, 40505385180235986, '20130422', 4000.00, 670.68, NULL, 1001);
 INSERT INTO SERVICE_RECORD VALUE(49299530, 1020, 241, 40920439046623641, '20060114', 300.00, 219.70, NULL, 1004);
 INSERT INTO SERVICE_RECORD VALUE(98538930, 1025, 367, 02648966957632109, '20140500', 50.00, 17.42, NULL, 1002);
 INSERT INTO SERVICE_RECORD VALUE(89143252, 1037, 376, 04628186517577973, '20090301', 800.00, 160.60, NULL, 1004);
 INSERT INTO SERVICE_RECORD VALUE(83443788, 1026, 159, 06438753819750160, '20130313', 300.00, 178.97, NULL, 1007);
 INSERT INTO SERVICE_RECORD VALUE(29445547, 1028, 1, 98881667127250012, '20060622', 100.00, 5.18, NULL, 1003);
 INSERT INTO SERVICE_RECORD VALUE(94778346, 1029, 452, 62086565346928233, '20040021', 300.00, 6.70, NULL, 1010);
 INSERT INTO SERVICE_RECORD VALUE(76921413, 1007, 17, 01315412170936162, '20070916', 100.00, 76.11, NULL, 1008);
 INSERT INTO SERVICE_RECORD VALUE(9578769, 1011, 368, 98111842662769420, '20111114', 100.00, 25.76, NULL, 1007);
 INSERT INTO SERVICE_RECORD VALUE(77617529, 1028, 214, 66616141264162455, '20090207', 100.00, 61.47, NULL, 1008);
 INSERT INTO SERVICE_RECORD VALUE(91184095, 1028, 218, 48016958220799708, '20090412', 100.00, 64.62, NULL, 1001);
 INSERT INTO SERVICE_RECORD VALUE(13344278, 1022, 433, 19687771187506076, '20080600', 600.00, 369.08, NULL, 1003);
 INSERT INTO SERVICE_RECORD VALUE(92610797, 1034, 423, 26886566555354594, '20080508', 50.00, 18.07, NULL, 1007);
 INSERT INTO SERVICE_RECORD VALUE(81457322, 1026, 273, 48134076511058167, '20120125', 300.00, 277.81, NULL, 1009);
 INSERT INTO SERVICE_RECORD VALUE(32665416, 1041, 7, 36812939416274828, '20120427', 100.00, 75.92, NULL, 1006);
 INSERT INTO SERVICE_RECORD VALUE(77481018, 1024, 154, 76059853332035912, '20130322', 1000.00, 76.23, NULL, 1007);
 INSERT INTO SERVICE_RECORD VALUE(70657252, 1019, 454, 98160932279568342, '20060314', 300.00, 41.88, NULL, 1010);
 INSERT INTO SERVICE_RECORD VALUE(35820354, 1016, 418, 64577631553306457, '20140421', 500.00, 212.98, NULL, 1005);
 INSERT INTO SERVICE_RECORD VALUE(18373325, 1037, 383, 26886566555354594, '20070103', 800.00, 601.03, NULL, 1001);
 INSERT INTO SERVICE_RECORD VALUE(84642079, 1001, 431, 28059392734560408, '20120725', 10.00, 2.89, NULL, 1010);
 INSERT INTO SERVICE_RECORD VALUE(92672440, 1020, 17, 36716988407268695, '20080408', 300.00, 73.61, NULL, 1002);
 INSERT INTO SERVICE_RECORD VALUE(78114331, 1037, 466, 49874016827742954, '20150103', 800.00, 717.64, NULL, 1005);
 INSERT INTO SERVICE_RECORD VALUE(1065871, 1015, 336, 74643484099751218, '20090713', 200.00, 111.37, NULL, 1003);
 INSERT INTO SERVICE_RECORD VALUE(22990033, 1020, 193, 94144988166515003, '20121112', 300.00, 177.88, NULL, 1006);
 INSERT INTO SERVICE_RECORD VALUE(61376762, 1025, 227, 07802480161960118, '20130710', 50.00, 40.46, NULL, 1003);
 INSERT INTO SERVICE_RECORD VALUE(40932912, 1021, 138, 35997603945319775, '20040311', 5000.00, 876.53, NULL, 1003);
 INSERT INTO SERVICE_RECORD VALUE(17906034, 1018, 141, 79512833903663909, '20090203', 800.00, 329.86, NULL, 1004);
 INSERT INTO SERVICE_RECORD VALUE(15079603, 1027, 356, 20379567665622046, '20120624', 100.00, 11.19, NULL, 1003);
 INSERT INTO SERVICE_RECORD VALUE(24917622, 1003, 495, 39181652857141737, '20151103', 150.00, 2.03, NULL, 1005);
 INSERT INTO SERVICE_RECORD VALUE(65293917, 1025, 137, 83799804137589972, '20150423', 50.00, 20.32, NULL, 1007);
 INSERT INTO SERVICE_RECORD VALUE(55751101, 1006, 262, 42596049818716627, '20100905', 20.00, 16.09, NULL, 1004);
 INSERT INTO SERVICE_RECORD VALUE(87832327, 1008, 319, 02648966957632109, '20130905', 150.00, 1.35, NULL, 1003);
 INSERT INTO SERVICE_RECORD VALUE(95972467, 1016, 337, 11574055143122032, '20140804', 500.00, 162.40, NULL, 1006);
 INSERT INTO SERVICE_RECORD VALUE(94574801, 1016, 336, 00833866831127995, '20131000', 500.00, 217.02, NULL, 1008);
 INSERT INTO SERVICE_RECORD VALUE(20887174, 1025, 163, 38736816700231061, '20091020', 50.00, 41.70, NULL, 1001);
 INSERT INTO SERVICE_RECORD VALUE(1105489, 1011, 123, 32436646638763611, '20120107', 100.00, 29.38, NULL, 1008);
 INSERT INTO SERVICE_RECORD VALUE(85435433, 1025, 450, 62813188621048116, '20130304', 50.00, 27.96, NULL, 1003);
 INSERT INTO SERVICE_RECORD VALUE(15672905, 1041, 258, 75475455951049747, '20060313', 100.00, 27.16, NULL, 1006);
 INSERT INTO SERVICE_RECORD VALUE(29304555, 1014, 490, 25815991747968036, '20111103', 20.00, 3.00, NULL, 1005);
 INSERT INTO SERVICE_RECORD VALUE(76550107, 1028, 178, 64356313091950011, '20130926', 100.00, 25.54, NULL, 1009);
 INSERT INTO SERVICE_RECORD VALUE(70516188, 1007, 412, 39488626377040442, '20070615', 100.00, 99.27, NULL, 1008);
 INSERT INTO SERVICE_RECORD VALUE(80652769, 1013, 326, 85491609855710695, '20061119', 4000.00, 2158.32, NULL, 1006);
 INSERT INTO SERVICE_RECORD VALUE(35786016, 1003, 160, 60866258004979634, '20080008', 150.00, 87.74, NULL, 1004);
 INSERT INTO SERVICE_RECORD VALUE(9710272, 1041, 438, 84684074390705269, '20060313', 100.00, 4.13, NULL, 1003);
 INSERT INTO SERVICE_RECORD VALUE(51430023, 1004, 303, 31962466569067719, '20060013', 100.00, 75.84, NULL, 1004);
 INSERT INTO SERVICE_RECORD VALUE(79761326, 1035, 416, 14863348388456517, '20090926', 50.00, 4.49, NULL, 1006);
 INSERT INTO SERVICE_RECORD VALUE(4642978, 1020, 423, 61852157573971871, '20130306', 300.00, 142.55, NULL, 1003);
 INSERT INTO SERVICE_RECORD VALUE(14075694, 1008, 6, 63004205728182245, '20140119', 150.00, 101.43, NULL, 1005);
 INSERT INTO SERVICE_RECORD VALUE(68672370, 1019, 54, 74630561542983936, '20110020', 300.00, 84.76, NULL, 1009);
 INSERT INTO SERVICE_RECORD VALUE(17500248, 1031, 38, 14365342692989495, '20080724', 200.00, 94.07, NULL, 1009);
 INSERT INTO SERVICE_RECORD VALUE(32843489, 1007, 9, 87251137526092457, '20110526', 100.00, 98.86, NULL, 1003);
 INSERT INTO SERVICE_RECORD VALUE(17941593, 1017, 8, 49196803326680918, '20080015', 50.00, 15.38, NULL, 1007);
 INSERT INTO SERVICE_RECORD VALUE(57200650, 1002, 432, 27020049518582702, '20140205', 1000.00, 269.83, NULL, 1008);
 INSERT INTO SERVICE_RECORD VALUE(16238086, 1003, 451, 68933728493153848, '20080110', 150.00, 125.25, NULL, 1002);
 INSERT INTO SERVICE_RECORD VALUE(96919773, 1015, 189, 28737115065520649, '20150020', 200.00, 78.57, NULL, 1009);
 INSERT INTO SERVICE_RECORD VALUE(14826604, 1018, 273, 66502391852299324, '20100608', 800.00, 465.08, NULL, 1005);
 INSERT INTO SERVICE_RECORD VALUE(24485144, 1037, 498, 29932283880998183, '20091021', 800.00, 202.17, NULL, 1001);
 INSERT INTO SERVICE_RECORD VALUE(61865325, 1016, 210, 48743163787130759, '20080101', 500.00, 29.44, NULL, 1003);
 INSERT INTO SERVICE_RECORD VALUE(13592997, 1002, 26, 10817405943285869, '20100527', 1000.00, 291.40, NULL, 1010);
 INSERT INTO SERVICE_RECORD VALUE(8324020, 1007, 11, 57360716446600098, '20070313', 100.00, 73.68, NULL, 1006);
 INSERT INTO SERVICE_RECORD VALUE(83641888, 1006, 15, 15335824467513817, '20050420', 20.00, 11.16, NULL, 1007);
 INSERT INTO SERVICE_RECORD VALUE(73750140, 1008, 288, 19458380082968754, '20150915', 150.00, 140.98, NULL, 1008);
 INSERT INTO SERVICE_RECORD VALUE(73739760, 1007, 359, 74788514223731249, '20090215', 100.00, 12.76, NULL, 1006);
 INSERT INTO SERVICE_RECORD VALUE(89603218, 1026, 318, 32436646638763611, '20130609', 300.00, 174.40, NULL, 1007);
 INSERT INTO SERVICE_RECORD VALUE(4731443, 1012, 358, 26639880960924210, '20150002', 100.00, 13.84, NULL, 1005);
 INSERT INTO SERVICE_RECORD VALUE(63625199, 1004, 68, 63052480847090180, '20130307', 100.00, 54.38, NULL, 1006);
 INSERT INTO SERVICE_RECORD VALUE(56139839, 1033, 418, 17147189211034484, '20100906', 300.00, 290.08, NULL, 1005);
 INSERT INTO SERVICE_RECORD VALUE(47993597, 1029, 370, 98111842662769420, '20090811', 300.00, 290.84, NULL, 1007);
 INSERT INTO SERVICE_RECORD VALUE(75332925, 1028, 124, 63194989708553135, '20120908', 100.00, 24.75, NULL, 1001);
 INSERT INTO SERVICE_RECORD VALUE(74430825, 1037, 320, 60774099373827007, '20070808', 800.00, 334.22, NULL, 1001);
 INSERT INTO SERVICE_RECORD VALUE(1637381, 1016, 9, 13276010601512043, '20080624', 500.00, 234.58, NULL, 1002);
 INSERT INTO SERVICE_RECORD VALUE(83224090, 1013, 8, 63163339245875814, '20110106', 4000.00, 1425.06, NULL, 1008);
 INSERT INTO SERVICE_RECORD VALUE(54450812, 1037, 25, 02571350170052391, '20140724', 800.00, 326.35, NULL, 1010);
 INSERT INTO SERVICE_RECORD VALUE(7794888, 1014, 88, 21328481145732010, '20041002', 20.00, 0.77, NULL, 1006);
 INSERT INTO SERVICE_RECORD VALUE(12808775, 1032, 258, 44244781323550511, '20070700', 100.00, 0.46, NULL, 1007);
 INSERT INTO SERVICE_RECORD VALUE(19729344, 1033, 25, 28059392734560408, '20121005', 300.00, 128.44, NULL, 1005);
 INSERT INTO SERVICE_RECORD VALUE(25688856, 1005, 381, 29755244315299556, '20040902', 500.00, 252.83, NULL, 1006);
 INSERT INTO SERVICE_RECORD VALUE(9278072, 1026, 336, 60894790494836366, '20110713', 300.00, 286.82, NULL, 1001);
 INSERT INTO SERVICE_RECORD VALUE(11757563, 1017, 211, 96449581867695977, '20151104', 50.00, 25.02, NULL, 1003);
 INSERT INTO SERVICE_RECORD VALUE(26924311, 1002, 41, 57039460742485692, '20130611', 1000.00, 816.48, NULL, 1008);
 INSERT INTO SERVICE_RECORD VALUE(1717658, 1025, 401, 97998743970321728, '20080310', 50.00, 21.13, NULL, 1010);
 INSERT INTO SERVICE_RECORD VALUE(28939023, 1032, 154, 06261478246982672, '20090514', 100.00, 51.32, NULL, 1002);
 INSERT INTO SERVICE_RECORD VALUE(55996294, 1004, 73, 38313930513666760, '20090313', 100.00, 91.87, NULL, 1004);
 INSERT INTO SERVICE_RECORD VALUE(20454317, 1028, 220, 55538236787058571, '20051026', 100.00, 43.51, NULL, 1010);
 INSERT INTO SERVICE_RECORD VALUE(79212678, 1035, 261, 47242044219956288, '20130218', 50.00, 31.15, NULL, 1007);
 INSERT INTO SERVICE_RECORD VALUE(3086833, 1008, 309, 64138255181370171, '20131103', 150.00, 94.19, NULL, 1010);
 INSERT INTO SERVICE_RECORD VALUE(42948922, 1003, 73, 78642057030519569, '20140217', 150.00, 65.33, NULL, 1002);
 INSERT INTO SERVICE_RECORD VALUE(77892151, 1002, 425, 84019108861277910, '20140011', 1000.00, 822.52, NULL, 1008);
 INSERT INTO SERVICE_RECORD VALUE(58784999, 1023, 445, 09981806153067791, '20070117', 500.00, 68.58, NULL, 1003);
 INSERT INTO SERVICE_RECORD VALUE(22792198, 1028, 418, 66475766358267507, '20061010', 100.00, 30.53, NULL, 1007);
 INSERT INTO SERVICE_RECORD VALUE(73329576, 1037, 173, 26886566555354594, '20070204', 800.00, 464.88, NULL, 1006);
 INSERT INTO SERVICE_RECORD VALUE(18139649, 1024, 50, 02959421392949511, '20060401', 1000.00, 689.92, NULL, 1004);
 INSERT INTO SERVICE_RECORD VALUE(99433301, 1016, 499, 92893792802520004, '20110311', 500.00, 25.09, NULL, 1010);
 INSERT INTO SERVICE_RECORD VALUE(45591124, 1003, 103, 98333065003592306, '20090912', 150.00, 129.93, NULL, 1001);
 INSERT INTO SERVICE_RECORD VALUE(5406628, 1021, 173, 25348645635561479, '20130319', 5000.00, 2567.00, NULL, 1003);
 INSERT INTO SERVICE_RECORD VALUE(70457998, 1026, 257, 57615351380437814, '20110019', 300.00, 245.48, NULL, 1002);
 INSERT INTO SERVICE_RECORD VALUE(42948155, 1016, 107, 61236750110653421, '20071006', 500.00, 266.80, NULL, 1003);
 INSERT INTO SERVICE_RECORD VALUE(59131412, 1014, 344, 16686736842713139, '20070720', 20.00, 6.59, NULL, 1009);
 INSERT INTO SERVICE_RECORD VALUE(86073641, 1008, 139, 25815991747968036, '20110616', 150.00, 43.51, NULL, 1007);
 INSERT INTO SERVICE_RECORD VALUE(51130363, 1010, 112, 45265889141239689, '20090014', 100.00, 55.35, NULL, 1006);
 INSERT INTO SERVICE_RECORD VALUE(89792537, 1023, 391, 52066699835371768, '20090115', 500.00, 207.80, NULL, 1005);
 INSERT INTO SERVICE_RECORD VALUE(41540189, 1017, 376, 27407571724589232, '20091016', 50.00, 4.31, NULL, 1004);
 INSERT INTO SERVICE_RECORD VALUE(16983586, 1002, 279, 88921546012458757, '20111014', 1000.00, 348.53, NULL, 1005);
 INSERT INTO SERVICE_RECORD VALUE(30672947, 1023, 388, 09526512395869995, '20081003', 500.00, 337.84, NULL, 1009);
 INSERT INTO SERVICE_RECORD VALUE(84861015, 1026, 164, 76496946724000072, '20080301', 300.00, 119.78, NULL, 1003);
 INSERT INTO SERVICE_RECORD VALUE(30712892, 1001, 151, 37467575350839010, '20091013', 10.00, 7.67, NULL, 1005);
 INSERT INTO SERVICE_RECORD VALUE(19193116, 1022, 387, 07573089446248324, '20120117', 600.00, 98.19, NULL, 1007);
 INSERT INTO SERVICE_RECORD VALUE(96880828, 1031, 270, 42095820931836943, '20060705', 200.00, 125.77, NULL, 1001);
 INSERT INTO SERVICE_RECORD VALUE(33649402, 1015, 57, 46487725010659904, '20111013', 200.00, 111.95, NULL, 1010);
 INSERT INTO SERVICE_RECORD VALUE(93688385, 1016, 472, 17051269763129009, '20110526', 500.00, 150.90, NULL, 1008);
 INSERT INTO SERVICE_RECORD VALUE(37357185, 1020, 132, 63570265896046887, '20090414', 300.00, 56.88, NULL, 1001);
 INSERT INTO SERVICE_RECORD VALUE(29286815, 1001, 174, 90864964244045618, '20070822', 10.00, 1.87, NULL, 1005);
 INSERT INTO SERVICE_RECORD VALUE(4331743, 1013, 312, 14807042234622702, '20080014', 4000.00, 1159.18, NULL, 1008);
 INSERT INTO SERVICE_RECORD VALUE(36849937, 1024, 178, 57039460742485692, '20120809', 1000.00, 495.94, NULL, 1002);
 INSERT INTO SERVICE_RECORD VALUE(99043159, 1006, 335, 00477945367753369, '20130109', 20.00, 19.01, NULL, 1001);
 INSERT INTO SERVICE_RECORD VALUE(11159519, 1015, 240, 00477945367753369, '20140908', 200.00, 170.80, NULL, 1008);
 INSERT INTO SERVICE_RECORD VALUE(16118261, 1020, 215, 01025383875142614, '20120204', 300.00, 137.18, NULL, 1003);
 INSERT INTO SERVICE_RECORD VALUE(27356992, 1027, 463, 57615351380437814, '20110118', 100.00, 83.32, NULL, 1009);
 INSERT INTO SERVICE_RECORD VALUE(13512255, 1012, 321, 69233986564897972, '20070505', 100.00, 39.80, NULL, 1009);
 INSERT INTO SERVICE_RECORD VALUE(69865189, 1019, 34, 47067886358607751, '20120117', 300.00, 275.74, NULL, 1007);
 INSERT INTO SERVICE_RECORD VALUE(93572195, 1012, 322, 14721512705135076, '20110625', 100.00, 39.07, NULL, 1006);
 INSERT INTO SERVICE_RECORD VALUE(46459726, 1003, 368, 57808393738038469, '20090214', 150.00, 67.88, NULL, 1005);
 INSERT INTO SERVICE_RECORD VALUE(97467042, 1034, 151, 58009182947556702, '20091106', 50.00, 4.40, NULL, 1009);
 INSERT INTO SERVICE_RECORD VALUE(7510336, 1019, 451, 10244580704954293, '20150006', 300.00, 206.89, NULL, 1010);
 INSERT INTO SERVICE_RECORD VALUE(48062955, 1030, 326, 02648966957632109, '20150913', 200.00, 61.41, NULL, 1003);
 INSERT INTO SERVICE_RECORD VALUE(43140399, 1031, 206, 75862704832080508, '20091001', 200.00, 90.81, NULL, 1003);
 INSERT INTO SERVICE_RECORD VALUE(91196699, 1036, 481, 48570697998643479, '20080017', 600.00, 334.79, NULL, 1003);
 INSERT INTO SERVICE_RECORD VALUE(24833659, 1008, 422, 16106941978005792, '20120509', 150.00, 111.81, NULL, 1004);
 INSERT INTO SERVICE_RECORD VALUE(81162627, 1013, 21, 61774544945877012, '20141111', 4000.00, 3491.45, NULL, 1004);
 INSERT INTO SERVICE_RECORD VALUE(35225149, 1026, 473, 63194989708553135, '20100211', 300.00, 154.35, NULL, 1004);
 INSERT INTO SERVICE_RECORD VALUE(66740626, 1033, 359, 60774099373827007, '20080927', 300.00, 203.51, NULL, 1006);
 INSERT INTO SERVICE_RECORD VALUE(98226169, 1016, 21, 78824786173884352, '20070627', 500.00, 147.29, NULL, 1006);
 INSERT INTO SERVICE_RECORD VALUE(38113228, 1031, 82, 79929073146185619, '20130105', 200.00, 130.69, NULL, 1010);
 INSERT INTO SERVICE_RECORD VALUE(29118136, 1011, 109, 16106941978005792, '20121117', 100.00, 16.59, NULL, 1004);
 INSERT INTO SERVICE_RECORD VALUE(39644548, 1020, 163, 73806944554496879, '20100802', 300.00, 250.65, NULL, 1002);
 INSERT INTO SERVICE_RECORD VALUE(52697588, 1029, 380, 05691251502828637, '20090013', 300.00, 110.50, NULL, 1008);
 INSERT INTO SERVICE_RECORD VALUE(34845828, 1007, 50, 84019108861277910, '20130802', 100.00, 61.86, NULL, 1010);
 INSERT INTO SERVICE_RECORD VALUE(4414221, 1007, 444, 44742654200392301, '20120102', 100.00, 78.44, NULL, 1004);
 INSERT INTO SERVICE_RECORD VALUE(42593384, 1018, 244, 58098945721213516, '20050718', 800.00, 753.63, NULL, 1005);
 INSERT INTO SERVICE_RECORD VALUE(84362762, 1008, 173, 77317136215996145, '20070724', 150.00, 76.92, NULL, 1005);
 INSERT INTO SERVICE_RECORD VALUE(75250978, 1005, 164, 39133907420531070, '20100325', 500.00, 41.06, NULL, 1005);
 INSERT INTO SERVICE_RECORD VALUE(41969589, 1010, 284, 49254200546998478, '20061101', 100.00, 87.51, NULL, 1001);
 INSERT INTO SERVICE_RECORD VALUE(63647865, 1006, 446, 57615351380437814, '20100600', 20.00, 7.88, NULL, 1002);
 INSERT INTO SERVICE_RECORD VALUE(36062850, 1033, 455, 97973191942418701, '20100311', 300.00, 4.79, NULL, 1001);
 INSERT INTO SERVICE_RECORD VALUE(87572976, 1022, 205, 37612822635670893, '20120618', 600.00, 272.91, NULL, 1009);
 INSERT INTO SERVICE_RECORD VALUE(52556506, 1013, 404, 32565785895245785, '20050019', 4000.00, 2623.84, NULL, 1001);
 INSERT INTO SERVICE_RECORD VALUE(12027010, 1029, 25, 31962466569067719, '20060508', 300.00, 244.24, NULL, 1003);
 INSERT INTO SERVICE_RECORD VALUE(79065395, 1010, 279, 18532517315424096, '20120613', 100.00, 57.68, NULL, 1001);
 INSERT INTO SERVICE_RECORD VALUE(5269188, 1002, 300, 56559057960979392, '20070820', 1000.00, 609.75, NULL, 1007);
 INSERT INTO SERVICE_RECORD VALUE(51330729, 1008, 32, 70011097390967620, '20060410', 150.00, 115.10, NULL, 1009);
 INSERT INTO SERVICE_RECORD VALUE(3740633, 1013, 108, 68933728493153848, '20080318', 4000.00, 2658.43, NULL, 1007);
 INSERT INTO SERVICE_RECORD VALUE(90044335, 1023, 491, 16106941978005792, '20110020', 500.00, 96.56, NULL, 1001);
 INSERT INTO SERVICE_RECORD VALUE(74219288, 1009, 8, 58603846584717676, '20100812', 4000.00, 467.99, NULL, 1003);
 INSERT INTO SERVICE_RECORD VALUE(49818854, 1018, 251, 26826690992178232, '20091108', 800.00, 81.02, NULL, 1004);
 INSERT INTO SERVICE_RECORD VALUE(95799949, 1030, 141, 36812939416274828, '20120015', 200.00, 25.84, NULL, 1002);
 INSERT INTO SERVICE_RECORD VALUE(58332594, 1041, 295, 09112136868470199, '20100608', 100.00, 89.76, NULL, 1006);
 INSERT INTO SERVICE_RECORD VALUE(88560525, 1031, 420, 07647457767958560, '20060420', 200.00, 99.09, NULL, 1004);
 INSERT INTO SERVICE_RECORD VALUE(99015533, 1008, 208, 72767623501832117, '20131117', 150.00, 41.40, NULL, 1010);
 INSERT INTO SERVICE_RECORD VALUE(1019073, 1023, 267, 62086565346928233, '20040124', 500.00, 42.52, NULL, 1002);
 INSERT INTO SERVICE_RECORD VALUE(48000629, 1010, 123, 52918193888130895, '20081111', 100.00, 52.12, NULL, 1008);
 INSERT INTO SERVICE_RECORD VALUE(97971727, 1039, 215, 09301343875759481, '20070800', 50.00, 5.18, NULL, 1005);
 INSERT INTO SERVICE_RECORD VALUE(53722658, 1029, 499, 36659814035084728, '20120807', 300.00, 123.56, NULL, 1006);
 INSERT INTO SERVICE_RECORD VALUE(93224302, 1022, 55, 32679436142722711, '20040725', 600.00, 490.97, NULL, 1004);
 INSERT INTO SERVICE_RECORD VALUE(56180235, 1028, 267, 29932283880998183, '20110022', 100.00, 30.39, NULL, 1007);
 INSERT INTO SERVICE_RECORD VALUE(42937872, 1031, 87, 74630561542983936, '20120705', 200.00, 97.29, NULL, 1005);
 INSERT INTO SERVICE_RECORD VALUE(42947810, 1041, 259, 80129878554328361, '20110306', 100.00, 30.95, NULL, 1005);
 INSERT INTO SERVICE_RECORD VALUE(69558374, 1027, 455, 24550487150415623, '20070626', 100.00, 47.78, NULL, 1003);
 INSERT INTO SERVICE_RECORD VALUE(24580069, 1025, 25, 88599602377525664, '20060819', 50.00, 39.23, NULL, 1003);
 INSERT INTO SERVICE_RECORD VALUE(34392166, 1040, 474, 03022439688904230, '20100622', 500.00, 113.73, NULL, 1009);
 INSERT INTO SERVICE_RECORD VALUE(93209514, 1035, 496, 61410022359216690, '20091023', 50.00, 32.55, NULL, 1010);
 INSERT INTO SERVICE_RECORD VALUE(3080939, 1026, 80, 89917373665089539, '20140813', 300.00, 237.84, NULL, 1005);
 INSERT INTO SERVICE_RECORD VALUE(68945580, 1032, 488, 19458380082968754, '20140109', 100.00, 82.09, NULL, 1003);
 INSERT INTO SERVICE_RECORD VALUE(17293827, 1027, 94, 33344050566160922, '20060900', 100.00, 32.42, NULL, 1008);
 INSERT INTO SERVICE_RECORD VALUE(64775778, 1034, 369, 64696020431096923, '20130307', 50.00, 36.83, NULL, 1010);
 INSERT INTO SERVICE_RECORD VALUE(17322442, 1011, 162, 84203653326670069, '20120224', 100.00, 66.13, NULL, 1010);
 INSERT INTO SERVICE_RECORD VALUE(72118223, 1006, 32, 36659814035084728, '20120609', 20.00, 11.41, NULL, 1004);
 INSERT INTO SERVICE_RECORD VALUE(37687241, 1024, 289, 84616491089806953, '20071122', 1000.00, 444.93, NULL, 1005);
 INSERT INTO SERVICE_RECORD VALUE(10133232, 1001, 84, 24673145908192620, '20100322', 10.00, 6.02, NULL, 1001);
 INSERT INTO SERVICE_RECORD VALUE(49796347, 1036, 434, 39330689495553172, '20060420', 600.00, 329.06, NULL, 1009);
 INSERT INTO SERVICE_RECORD VALUE(13923620, 1007, 182, 35737749323159399, '20121025', 100.00, 22.28, NULL, 1010);
 INSERT INTO SERVICE_RECORD VALUE(48434674, 1040, 353, 58367045641737178, '20091004', 500.00, 442.21, NULL, 1009);
 INSERT INTO SERVICE_RECORD VALUE(98159780, 1031, 39, 78170861196934278, '20120406', 200.00, 176.19, NULL, 1009);
 INSERT INTO SERVICE_RECORD VALUE(89520932, 1005, 86, 57636640916548357, '20061006', 500.00, 398.38, NULL, 1002);
 INSERT INTO SERVICE_RECORD VALUE(89843377, 1020, 29, 02053811898954848, '20151017', 300.00, 23.04, NULL, 1006);
 INSERT INTO SERVICE_RECORD VALUE(65002736, 1037, 36, 87251137526092457, '20130024', 800.00, 382.54, NULL, 1006);
 INSERT INTO SERVICE_RECORD VALUE(38883681, 1022, 203, 20162733507190108, '20090914', 600.00, 49.42, NULL, 1009);
 INSERT INTO SERVICE_RECORD VALUE(76044396, 1023, 466, 29755244315299556, '20050612', 500.00, 327.45, NULL, 1007);
 INSERT INTO SERVICE_RECORD VALUE(9125668, 1030, 216, 98160932279568342, '20080824', 200.00, 154.06, NULL, 1007);
 INSERT INTO SERVICE_RECORD VALUE(93331489, 1034, 468, 98467357163805765, '20120007', 50.00, 7.17, NULL, 1010);
 INSERT INTO SERVICE_RECORD VALUE(90119945, 1002, 106, 62530684212851129, '20080900', 1000.00, 831.96, NULL, 1001);
 INSERT INTO SERVICE_RECORD VALUE(11539713, 1016, 226, 32672341247356209, '20081117', 500.00, 347.70, NULL, 1003);
 INSERT INTO SERVICE_RECORD VALUE(56909613, 1001, 46, 58009182947556702, '20110024', 10.00, 3.70, NULL, 1010);
 INSERT INTO SERVICE_RECORD VALUE(77070635, 1005, 259, 86547052294926558, '20111011', 500.00, 245.50, NULL, 1004);
 INSERT INTO SERVICE_RECORD VALUE(45795953, 1014, 128, 50953159602530910, '20081111', 20.00, 1.53, NULL, 1007);
 INSERT INTO SERVICE_RECORD VALUE(81667953, 1008, 311, 89917373665089539, '20150509', 150.00, 17.78, NULL, 1008);
 INSERT INTO SERVICE_RECORD VALUE(17370294, 1027, 298, 44431556229810965, '20101004', 100.00, 28.87, NULL, 1003);
 INSERT INTO SERVICE_RECORD VALUE(50286820, 1009, 215, 39801662924077559, '20100821', 4000.00, 2382.71, NULL, 1007);
 INSERT INTO SERVICE_RECORD VALUE(39045348, 1036, 171, 46700508778768155, '20150810', 600.00, 34.86, NULL, 1003);
 INSERT INTO SERVICE_RECORD VALUE(41525125, 1017, 254, 33066011718503589, '20140715', 50.00, 46.35, NULL, 1009);
 INSERT INTO SERVICE_RECORD VALUE(68908245, 1022, 20, 45709226544664681, '20130701', 600.00, 321.90, NULL, 1010);
 INSERT INTO SERVICE_RECORD VALUE(17710961, 1001, 138, 35241954513578200, '20060626', 10.00, 0.22, NULL, 1008);
 INSERT INTO SERVICE_RECORD VALUE(4744512, 1015, 495, 50291445528110189, '20100010', 200.00, 101.07, NULL, 1003);
 INSERT INTO SERVICE_RECORD VALUE(999493, 1029, 152, 73331806907182909, '20090108', 300.00, 178.77, NULL, 1009);
 INSERT INTO SERVICE_RECORD VALUE(75295279, 1009, 328, 61665078973949956, '20130301', 4000.00, 2593.66, NULL, 1003);
 INSERT INTO SERVICE_RECORD VALUE(17602740, 1026, 496, 67214897563072530, '20070112', 300.00, 153.16, NULL, 1008);
 INSERT INTO SERVICE_RECORD VALUE(84934151, 1024, 46, 88193339115193126, '20130118', 1000.00, 587.94, NULL, 1005);
 INSERT INTO SERVICE_RECORD VALUE(69773305, 1016, 211, 87251137526092457, '20130615', 500.00, 45.14, NULL, 1001);
 INSERT INTO SERVICE_RECORD VALUE(99137536, 1029, 502, 34156413292263578, '20050102', 300.00, 28.53, NULL, 1009);
 INSERT INTO SERVICE_RECORD VALUE(97029211, 1015, 169, 09301343875759481, '20070905', 200.00, 138.42, NULL, 1010);
 INSERT INTO SERVICE_RECORD VALUE(60948144, 1028, 497, 95411873729534118, '20111004', 100.00, 76.32, NULL, 1006);
 INSERT INTO SERVICE_RECORD VALUE(67553763, 1034, 244, 48134076511058167, '20141100', 50.00, 33.63, NULL, 1010);
 INSERT INTO SERVICE_RECORD VALUE(24760125, 1013, 152, 19458380082968754, '20130321', 4000.00, 1144.00, NULL, 1001);
 INSERT INTO SERVICE_RECORD VALUE(79088571, 1034, 468, 46786004529502200, '20080325', 50.00, 25.37, NULL, 1010);
 INSERT INTO SERVICE_RECORD VALUE(42216175, 1007, 295, 59482355357184623, '20110017', 100.00, 71.58, NULL, 1008);
 INSERT INTO SERVICE_RECORD VALUE(90814011, 1006, 67, 61410022359216690, '20111100', 20.00, 2.05, NULL, 1010);
 INSERT INTO SERVICE_RECORD VALUE(11467080, 1011, 302, 17051269763129009, '20110414', 100.00, 22.15, NULL, 1002);
 INSERT INTO SERVICE_RECORD VALUE(89358770, 1032, 394, 02843351875846168, '20140925', 100.00, 68.46, NULL, 1003);
 INSERT INTO SERVICE_RECORD VALUE(27813130, 1030, 106, 10817405943285869, '20091100', 200.00, 136.00, NULL, 1007);
 INSERT INTO SERVICE_RECORD VALUE(72154756, 1024, 454, 02449219365680509, '20050403', 1000.00, 402.37, NULL, 1005);
 INSERT INTO SERVICE_RECORD VALUE(76827152, 1023, 244, 02843351875846168, '20130714', 500.00, 17.92, NULL, 1010);
 INSERT INTO SERVICE_RECORD VALUE(33392587, 1039, 263, 37467575350839010, '20101013', 50.00, 9.37, NULL, 1010);
 INSERT INTO SERVICE_RECORD VALUE(48274435, 1019, 308, 42716721101532527, '20110615', 300.00, 197.35, NULL, 1006);
 INSERT INTO SERVICE_RECORD VALUE(2028217, 1030, 174, 09526512395869995, '20100015', 200.00, 152.25, NULL, 1010);
 INSERT INTO SERVICE_RECORD VALUE(22129353, 1033, 301, 86877055661642716, '20100510', 300.00, 13.08, NULL, 1004);
 INSERT INTO SERVICE_RECORD VALUE(4980118, 1039, 80, 39481348635563536, '20070513', 50.00, 8.45, NULL, 1008);
 INSERT INTO SERVICE_RECORD VALUE(40164124, 1026, 276, 10817405943285869, '20100822', 300.00, 61.84, NULL, 1007);
 INSERT INTO SERVICE_RECORD VALUE(90352506, 1040, 223, 84373492935285366, '20100703', 500.00, 78.93, NULL, 1002);
 INSERT INTO SERVICE_RECORD VALUE(9389144, 1034, 182, 83134161520057775, '20140218', 50.00, 42.41, NULL, 1008);
 INSERT INTO SERVICE_RECORD VALUE(41641125, 1023, 89, 78824786173884352, '20060119', 500.00, 179.53, NULL, 1010);
 INSERT INTO SERVICE_RECORD VALUE(53556098, 1007, 257, 20293467431688210, '20100323', 100.00, 60.97, NULL, 1006);
 INSERT INTO SERVICE_RECORD VALUE(80754730, 1015, 479, 78642057030519569, '20141006', 200.00, 51.71, NULL, 1006);
 INSERT INTO SERVICE_RECORD VALUE(85759740, 1031, 462, 49954303394067347, '20070424', 200.00, 7.23, NULL, 1009);
 INSERT INTO SERVICE_RECORD VALUE(50334900, 1021, 25, 73806944554496879, '20120406', 5000.00, 2108.07, NULL, 1002);
 INSERT INTO SERVICE_RECORD VALUE(43205402, 1019, 456, 10630054569102551, '20090106', 300.00, 117.98, NULL, 1006);
 INSERT INTO SERVICE_RECORD VALUE(9393405, 1011, 319, 58009182947556702, '20100810', 100.00, 24.01, NULL, 1001);
 INSERT INTO SERVICE_RECORD VALUE(97631740, 1027, 425, 89201639642344289, '20140607', 100.00, 62.62, NULL, 1006);
 INSERT INTO SERVICE_RECORD VALUE(39263127, 1006, 327, 18628713129762245, '20101020', 20.00, 6.84, NULL, 1009);

